,Amount,Time,Label
0,224.83570765056163,193.08678494144075,0
1,232.38442690503462,276.15149282040124,0
2,188.2923312638332,188.29315215254098,0
3,278.9606407753696,238.37173645764545,0
4,176.52628070325238,227.12800217929822,0
5,176.82911535937689,176.71351232148714,0
6,212.0981135783017,104.33598776711011,0
7,113.75410837434836,171.88562353795137,0
8,149.35844398327882,215.7123666297637,0
9,154.59879622393944,129.38481493323542,0
10,273.2824384460777,188.7111849756732,0
11,203.3764102343962,128.76259068932717,0
12,172.78086377374086,205.5461294854933,0
13,142.45032112888487,218.7849009172836,0
14,169.96806550405975,185.41531251033615,0
15,169.91466938853014,292.6139092254469,0
16,199.3251387631033,147.114453552205,0
17,241.12724560515946,138.9578175014489,0
18,210.44317975023776,102.01649380601123,0
19,133.59069755507846,209.84306179345617,0
20,236.92332899977052,208.56841405949854,0
21,194.21758588058796,184.94481522053556,0
22,126.07390048162863,164.00778958026456,0
23,176.96806145201063,252.85611131094578,0
24,217.18091447842306,111.8479922318633,0
25,216.20419846973977,180.74588597918418,0
26,166.15389998470206,230.5838144420434,0
27,251.54997612479755,246.56400595580993,0
28,158.03912383886808,184.53938120743928,0
29,216.5631715701782,248.77725635611796,0
30,176.0412881077355,190.71705116680914,0
31,144.68325129969858,140.18966879596647,0
32,240.6262911197099,267.8120014285412,0
33,196.3994939209833,250.17664489460122,0
34,218.0818012523817,167.7440122697438,0
35,218.0697802754207,276.90182832329845,0
36,198.20869804450243,278.23218279070034,0
37,69.01274479551279,241.09512521876118,0
38,204.35235341190855,185.04963247670662,0
39,204.58803882677512,100.62155426995535,0
40,189.01640560812442,217.85562857558733,0
41,273.8947022370758,174.08648908631764,0
42,159.5753198553406,174.91214782077316,0
43,245.7701058851037,216.43755548298424,0
44,173.51198981164805,225.66337165566782,0
45,204.85387746740201,248.43224952664445,0
46,164.89734530613237,183.61689267011158,0
47,180.3945923433921,126.82425259339408,0
48,214.8060138532288,213.05276360899447,0
49,200.25567283212305,188.27064333124267,0
50,129.23146289747928,178.96773386173206,0
51,182.86427417366153,159.88613653891906,0
52,191.93571441669954,220.20254284072692,0
53,294.3092950605265,208.72889064159196,0
54,212.8775195361382,196.27770421169163,0
55,104.06143923504793,198.67430622753915,0
56,203.01151049705132,323.1621056242643,0
57,190.38195176094388,215.07736711668062,0
58,198.26441151473784,141.5660981190234,0
59,257.14114072575103,237.5966516343387,0
60,239.55159735215233,154.53062726026306,0
61,270.13971554680495,129.90744686038596,0
62,229.34285469001352,309.5227812904989,0
63,150.4731837434656,171.6851135198614,0
64,204.98256825438207,174.82621729419003,0
65,122.46682844669337,203.42814874030137,0
66,146.88481431369476,223.67962153175907,0
67,154.02878828830984,277.496720250877,0
68,160.83733538318813,183.89692418971623,0
69,240.67586086848348,138.45678417830223,0
70,211.37299673020647,265.3571377141214,0
71,119.62583827193862,209.2316929266152,0
72,212.99413971242117,239.09114358886552,0
73,138.1524644560959,133.9771693457862,0
74,226.09707828084487,214.8492336616593,0
75,212.52464251729384,217.3224104748488,0
76,165.99876392107547,211.6126848580502,0
77,214.65362366493406,164.2824290986816,0
78,293.28872555723785,223.69164604558938,0
79,140.43482513986757,232.82768043169148,0
80,151.26591648863393,239.3542301871226,0
81,257.9297789503702,158.96588408241448,0
82,248.16880646221608,220.63904634682493,0
83,241.1030079997245,294.8396491326974,0
84,187.73059419985648,162.31319178212553,0
85,155.52427851872383,159.2094857517281,0
86,196.1449145292948,217.0575987408322,0
87,213.83453996650096,241.35916245180118,0
88,200.65009459389535,272.67670385786585,0
89,186.7671583381022,336.00845832948096,0
90,231.28336738825033,157.1421221791859,0
91,146.45537509694438,224.12362076215928,0
92,188.82686073370746,235.7000247046046,0
93,223.66188122867723,196.35855436715636,0
94,157.66031409657975,124.25763876570677,0
95,177.67425239664894,242.81993971617362,0
96,210.7046872065102,137.7130610644006,0
97,208.6590462925591,219.26586898644183,0
98,155.80712818994334,207.6862552972764,0
99,202.9104359223,142.85148510846884,0
100,217.88936801741417,228.03922631841172,0
101,254.15256215876386,252.69010260174514,0
102,131.11653160214544,153.10874800424386,0
103,225.751763360433,225.68929754561043,0
104,225.7523843153024,392.63657453273606,0
105,228.54452553465836,256.77828200902997,0
106,247.70008817466012,232.5695625652899,0
107,184.23653776798272,237.94846102466337,0
108,161.35873927312142,188.15906966299957,0
109,175.73182260854483,204.09370696931612,0
110,315.73292833367543,106.6367403704126,0
111,234.31300951872566,119.36420644051742,0
112,176.40340671052832,254.4475298483683,0
113,203.21400095477313,146.1127611035347,0
114,164.2348145370016,233.97988744673378,0
115,163.48166841414317,210.82292947909875,0
116,202.27859199519068,167.41998261970915,0
117,307.19720446626627,231.69595111590056,0
118,98.74287066711965,209.32271573847137,0
119,166.9106767615806,242.6216667398112,0
120,160.37396307836497,194.26317792665506,0
121,225.24936394902286,243.2877597085061,0
122,139.9851796472112,183.27493820795257,0
123,176.25273444195219,167.3335383713144,0
124,288.27271201405483,220.2490855480478,0
125,136.95580228324775,245.8930973527388,0
126,306.10780985063167,251.62326302755736,0
127,124.03150170229932,175.78829635668743,0
128,263.34555745933113,164.61652671906097,0
129,222.19097140731142,238.73170267146685,0
130,153.65347642109586,197.02373219691,0
131,37.936632996546365,148.7806179332855,0
132,187.371592430342,137.6108409017575,0
133,281.62056519658177,128.49293110196837,0
134,177.9977756651508,206.53702886430457,0
135,272.06366445330576,128.20689244102803,0
136,258.158187607748,200.51165305097936,0
137,150.92456744760244,223.10517371316354,0
138,209.9529847786735,169.98915614206027,0
139,203.49010424950094,180.734320156912,0
140,205.6758672625624,233.10653372605233,0
141,279.3008408072676,138.10922505865756,0
142,306.65166873281333,102.39561002387491,0
143,192.41074524822082,229.41586032422882,0
144,214.04959338675164,168.8650240089703,0
145,189.59388748213624,175.34995326705837,0
146,170.5317621527894,242.48010485105124,0
147,217.85077429825236,165.3545202369673,0
148,244.97999377166252,215.36497604383047,0
149,240.64310594194802,231.48144209618061,0
150,158.55024945389638,171.9909479901515,0
151,237.3646802561631,230.51851327167324,0
152,198.95492030179258,205.8663691654391,0
153,263.88324478942127,170.4214305582085,0
154,227.3548690585019,189.89036737830529,0
155,189.11593983863898,254.9388425993595,0
156,241.27081744940148,240.67548180003192,0
157,265.27394035771647,201.05019208163796,0
158,234.0976485647482,184.4866621703272,0
159,216.2083176244221,193.49284728161578,0
160,204.8497982496359,229.75785127184568,0
161,159.08896583832637,304.619363784273,0
162,149.6991309250149,139.2905693606134,0
163,257.9055436750034,239.5831346981468,0
164,231.20599085260775,231.417275463214,0
165,199.38766135765428,155.1372814257084,0
166,203.7902279096863,166.14191442439443,0
167,248.75598667088755,192.64713092489308,0
168,158.72514016037442,183.93070791735033,0
169,220.6465727137812,171.81377235980125,0
170,158.88898022167842,212.18436057459562,0
171,212.24832855543613,174.65284123144352,0
172,176.44808471908385,211.60249686788183,0
173,127.59578292513379,129.62681128117225,0
174,164.07778893737822,189.32764241440765,0
175,215.54537827990023,273.7678108474776,0
176,242.88298116010097,192.00307350182865,0
177,199.04918960486555,149.87353176810956,0
178,199.0743432003805,185.5670680539931,0
179,216.13592801690447,158.63845282238384,0
180,225.96732571205862,276.6369456501289,0
181,194.56199257715713,220.08558610494708,0
182,234.5071995855556,179.9389764057082,0
183,211.20462409052084,200.62962003908973,0
184,204.8838049274416,161.3495108072267,0
185,201.22550871294715,224.8999145622725,0
186,272.5571803897521,247.96354130426033,0
187,307.65912287557785,161.63262185559753,0
188,243.61603183603393,209.1671002869176,0
189,309.4901466608836,159.58508573224242,0
190,158.0139078909612,170.0303677277989,0
191,93.80521378450966,173.71224891596194,0
192,162.0433669223151,207.51968932381038,0
193,217.08779878885798,293.8085419607943,0
194,247.5211919093025,171.15481721687985,0
195,155.0792664325821,224.59595857532528,0
196,133.9883396489679,291.5729382927177,0
197,258.97200603606433,176.54121739476477,0
198,114.34327354545613,267.69361870827066,0
199,194.2730077373691,261.8908155986731,0
200,120.27861706028165,170.03124885231136,0
201,200.26218498590916,202.3490296882371,0
202,177.4967264260378,231.14249661737495,0
203,146.61897853087027,192.88102574893531,0
204,206.01478158559493,225.72194170293744,0
205,235.5807439044445,143.76789540810654,0
206,123.29429146321888,263.88384109492546,0
207,216.61570059897957,162.57567317217232,0
208,277.55759877612616,205.78373171464293,0
209,258.96485920319134,203.37592407050545,0
210,303.03739624409934,287.7670421221602,0
211,187.55179257604632,248.57854754771776,0
212,232.2687974792574,268.43157787661744,0
213,151.7538269709948,234.30257299992195,0
214,252.92122434247938,112.06302567884428,0
215,140.83707436671125,98.03839111199497,0
216,186.5296582777721,235.8771127897981,0
217,275.1178526048014,203.70473902098877,0
218,281.4307772785646,130.99492708925544,0
219,114.83087803224227,197.22261505516906,0
220,219.20327244696537,198.36526259529535,0
221,96.62789499800617,195.54399802436058,0
222,134.77652497475734,233.48362744150194,0
223,218.32991230484242,153.00601068363224,0
224,174.30665413316532,147.0393239055524,0
225,196.8660451363414,247.75711602506192,0
226,150.71369768322282,225.20232577589223,0
227,173.48711908137795,160.3563583868828,0
228,194.64848200227212,148.2378838790313,0
229,172.3175347326409,140.10610537055757,0
230,298.2362566458195,201.76317759858642,0
231,165.01372460037072,210.6989955367111,0
232,194.38359751545852,188.95152002333884,0
233,230.70833500217125,237.87538550236525,0
234,173.47494261947364,171.209087967766,0
235,186.2474151424178,84.90394176322076,0
236,124.24044689007239,268.34371337222626,0
237,282.2483856750642,187.54819802218108,0
238,228.8278481527883,215.5625077271768,0
239,353.9440404227619,255.97874557172884,0
240,193.60412042596167,152.22297796997873,0
241,119.67768398712137,210.17318179336115,0
242,162.18246273578484,128.8873145201163,0
243,167.67135578787367,145.92259981928026,0
244,284.3570817536282,244.08198784747253,0
245,199.60136793416913,273.9972069445013,0
246,203.8684153823809,156.93578993358682,0
247,276.15620386348286,226.94550218423294,0
248,148.13769228367718,190.4830660958196,0
249,156.21908733076214,130.8600134517832,0
250,246.30887737658207,295.47083202350655,0
251,130.07162130904294,228.14846183452855,0
252,167.46787154390864,175.6437308117652,0
253,170.38030378805655,156.8004615160092,0
254,202.42608139724135,158.4524941794481,0
255,213.52284128899194,197.48809452754315,0
256,188.05259765667952,154.6218168979201,0
257,171.16143347158336,237.7695612912878,0
258,225.04585938121903,151.12223776007244,0
259,204.9666152714613,237.56935616858945,0
260,116.52973594393141,227.16800961899676,0
261,166.86881205270765,228.52993342965797,0
262,161.83704217287416,109.75589496677405,0
263,118.62287810584186,202.4042473330691,0
264,212.98612508607408,154.78416874477958,0
265,231.9296229388687,116.923996886552,0
266,196.69601006763418,139.44919001187716,0
267,167.40819460989204,202.3699335658207,0
268,156.9793317358024,180.77222278850874,0
269,250.31464046072202,171.15540652384257,0
270,241.7846056032571,143.5146572671191,0
271,226.49020889576414,272.078431032895,0
272,76.41777499363553,160.15523722647617,0
273,228.853606359027,189.84773069785035,0
274,218.55729366856545,169.80074066420897,0
275,204.329489373645,192.216138230396,0
276,258.38910308299035,212.72104216506065,0
277,216.8801331037601,179.40615169387664,0
278,175.61968879637533,178.37209060901895,0
279,219.72260711891485,178.95077595898687,0
280,214.48874284482065,303.77003993227197,0
281,243.5562351715846,183.69882339160793,0
282,260.06069610819725,179.59623134892243,0
283,98.0937732411073,149.5956844541298,0
284,106.46040394870721,182.42432579793456,0
285,200.92091895947758,283.82186561376415,0
286,216.34636868820814,189.04497355955678,0
287,241.47027905917446,89.44323454960575,0
288,211.7807279054283,238.54325969434834,0
289,126.07068771100792,257.1877021603465,0
290,216.9248203747207,179.23560430495994,0
291,231.63909330531425,313.5346428902198,0
292,209.09331275292476,212.4110293150168,0
293,177.0319550229878,157.50778152676043,0
294,241.51679082721228,157.19580870455664,0
295,203.57831186096962,176.11712766174418,0
296,223.9489912873196,216.6831052643474,0
297,251.87699721289496,174.49918005726266,0
298,186.50625323533143,151.06181421088462,0
299,177.78533699619442,218.8650246522426,0
300,237.8494308322676,153.89173379111872,0
301,243.480296005283,267.78189294024753,0
302,220.67174516118504,293.8397906279033,0
303,161.31054004482135,137.76726483442914,0
304,111.06398755478607,274.8022155744592,0
305,232.71828281770289,197.22076645447726,0
306,213.998431315991,143.72554763508117,0
307,322.2875989808413,206.46105909876138,0
308,205.46973973024464,236.28833119493459,0
309,224.05046158683567,211.19420121395657,0
310,160.4762772277344,223.57341785679978,0
311,294.1012248237517,267.27100230774886,0
312,279.65933133196984,174.43921617844074,0
313,150.51975898707096,193.7106539950176,0
314,202.78624561443473,254.70957592354742,0
315,115.37676851425903,276.4775159730307,0
316,192.09960507105052,178.655946502629,0
317,149.39478123699163,117.25716640671153,0
318,241.15852919809572,203.6658983594202,0
319,135.5019550129473,135.2460613968192,0
320,183.21076503549358,283.45107626446963,0
321,187.02043243181976,124.8428523440947,0
322,187.71284679570277,186.36382151261648,0
323,65.15566785292143,197.28525667410938,0
324,188.4532734895661,234.8103182406709,0
325,292.44780474726724,256.3282514773879,0
326,186.55556547225848,144.6737045629165,0
327,328.667990162493,202.9609217007244,0
328,200.6964645956473,198.79374564449984,0
329,209.90423803839275,192.78197940380286,0
330,171.31689965598818,172.65705293798038,0
331,198.3623364892001,172.82876144331175,0
332,164.3577108661418,205.32151138459483,0
333,187.25113912895725,275.1996494291344,0
334,67.45150958034941,254.57534259612308,0
335,262.30425962488147,96.33048837959252,0
336,182.86562029598255,181.42795670021042,0
337,129.62441526410893,161.10916562045622,0
338,144.47120772670857,287.6135221711811,0
339,246.78391965737305,263.57775474970794,0
340,236.08360320216175,143.54741143913856,0
341,173.7739866860113,224.4687280613959,0
342,138.89360955540275,235.6499215086194,0
343,187.98373009209325,181.25895962252014,0
344,235.54799841017456,222.213165574302,0
345,181.951691709046,257.96649016821243,0
346,145.94683362000512,230.7967803472132,0
347,229.6550628984192,184.5226780343005,0
348,216.3066511121059,137.44432118073485,0
349,246.20135096034505,190.75489317785053,0
350,173.86384897404804,252.45046129184448,0
351,164.78281547286204,129.57693518182202,0
352,122.16854132380482,230.30049756728198,0
353,135.97853237518586,287.7397090992182,0
354,95.9035296058139,284.8228184145019,0
355,210.5508733601309,195.16434440648038,0
356,172.7540456595525,219.95680571760354,0
357,198.11826487875757,255.16509410082608,0
358,205.711382433102,207.5150880730939,0
359,181.81938938930722,197.15271881394662,0
360,215.39008844460295,114.49158036716872,0
361,132.59072889471435,237.16320470113575,0
362,208.54327190639708,190.80083318236603,0
363,200.92169665326966,217.37908526808354,0
364,173.01201598453193,161.08476372988437,0
365,209.79226275488406,151.0813611192484,0
366,220.4126377857236,114.87081978810798,0
367,251.45778186628218,223.62987412065215,0
368,212.80148671569378,249.1345491972757,0
369,283.27372222312886,250.7185032509065,0
370,107.95628843341774,136.02115166321494,0
371,168.75907111521605,201.3045525105417,0
372,225.88295102345614,163.71280934232672,0
373,209.33833822385392,162.23085338233386,0
374,169.4241098504026,129.66694515758888,0
375,153.8383376944548,132.41576971918332,0
376,151.20633735113336,252.682089830392,0
377,152.53005555840286,331.61910324186954,0
378,224.66589504404448,209.2418061847437,0
379,157.08211099093933,235.01549397044957,0
380,171.2181086881113,206.10049073226807,0
381,328.00422691343977,195.1970050137675,0
382,257.4636663142838,164.84117874370563,0
383,198.25057547515192,288.5400317817755,0
384,168.65164711061163,290.62242789984646,0
385,235.38759677277378,171.8766612052866,0
386,231.62038695277604,248.6277224813365,0
387,231.0904981108598,121.48876400547718,0
388,163.64314120875656,187.62406822242477,0
389,196.2783285449977,231.0336048775339,0
390,208.88505004666268,133.23278206449493,0
391,219.00989255029816,230.52928726419117,0
392,227.989522396552,254.0390362777311,0
393,241.6961077274452,222.95900396142184,0
394,196.49171442706765,116.95195332420043,0
395,221.4809109566293,210.38438435815556,0
396,213.57894185976866,136.16257120898453,0
397,145.94717297958687,252.6576426666452,0
398,198.02224230716726,234.07503486863123,0
399,201.41591880652305,201.48780697478725,0
400,246.9141902987999,174.1977635891313,0
401,204.80603884704917,176.8862355647479,0
402,178.27518862838423,184.54139382656803,0
403,211.10668858168563,176.06256891682614,0
404,262.78780627867604,155.26963488902481,0
405,190.65641779193206,178.01344708629125,0
406,272.3488942176866,209.82773882557873,0
407,251.59222697343174,125.7219813481514,0
408,213.35251329346295,244.48153978117185,0
409,204.1141994637712,253.27401875326757,0
410,174.1355774949814,270.46737200927896,0
411,314.9449061809625,181.85807197801705,0
412,177.7248739299614,272.66922385588504,0
413,278.97860728653563,173.85699864233658,0
414,178.99065914520713,185.91076955697463,0
415,132.77747444828614,154.0674026757901,0
416,149.7929616623966,161.6101217447936,0
417,198.26575563066095,211.71073662682605,0
418,277.52502464070386,150.08229796306046,0
419,249.21611992382918,189.30055778872455,0
420,197.52681451737834,233.7409746083302,0
421,143.86389892188507,219.12048730920253,0
422,208.3226104106528,224.62256320040746,0
423,214.4584321953909,322.7650069955447,0
424,168.1130007874342,173.4501522499091,0
425,168.84297367876178,172.22614404198725,0
426,168.13064363467413,259.4508265553776,0
427,271.0252123994927,171.4626853125262,0
428,158.38222134478855,223.5707778193202,0
429,172.38884778595144,231.64659088777555,0
430,210.14615104256498,124.2127942501384,0
431,277.3752600665031,289.7938836547761,0
432,169.36056547578067,180.6149220032008,0
433,214.29326953624525,216.72283949935124,0
434,232.92721363364151,300.5102269383175,0
435,191.15263862529753,160.08513777307732,0
436,131.03403859927363,163.45349800290404,0
437,198.34365135631015,289.7278931758894,0
438,174.11943504819143,211.18939758194492,0
439,199.1788551963624,259.4196636724042,0
440,326.3466212936811,173.45656135398397,0
441,175.52802787408888,252.2080438534536,0
442,234.09457448131556,292.3353662868017,0
443,229.1964092662982,182.035395460647,0
444,229.53274153461547,255.4351790291454,0
445,241.0241090598682,225.36370155536488,0
446,253.3337344794577,258.4647795222836,0
447,269.10794955187635,232.43549437948212,0
448,191.64409598415727,207.33568432166615,0
449,260.3254483254178,159.15321645063818,0
450,218.43366544364505,180.33305938363196,0
451,201.4372411467409,263.92259313036493,0
452,209.55495340099517,202.32182740780743,0
453,132.00719295100404,237.31267830136102,0
454,232.27420905705378,308.16273616527303,0
455,184.61108825234996,210.95751638319695,0
456,212.46918418553776,278.8726639881737,0
457,195.2352233806524,213.95107628851696,0
458,230.39482548582697,209.3304561578179,0
459,177.67831927247357,209.7044996449154,0
460,253.6815874929886,148.674235029447,0
461,206.64848370734381,164.99395925304134,0
462,259.7523314462421,123.84065476081126,0
463,172.05390763642058,218.86059375322606,0
464,278.27620146171705,196.71248694635062,0
465,172.2400236653401,294.0578534720295,0
466,127.5993049791878,90.0597021689959,0
467,222.00072250266663,174.89728878236946,0
468,148.93835914346434,235.41782236496766,0
469,212.19003568855993,171.79606846316358,0
470,135.9847800664553,243.62286641400723,0
471,232.51005889793305,195.04120681103086,0
472,292.3318498023833,146.49576168369236,0
473,123.72374145376305,165.40459650593777,0
474,197.7206991822251,212.16697246613458,0
475,187.9381971071835,217.60276982571483,0
476,137.4230287904778,272.18823020366295,0
477,195.89244108037155,255.8647915794064,0
478,217.13626731888522,222.8376609576892,0
479,228.4883640116102,222.38542800086574,0
480,232.1361379933772,266.4576265066216,0
481,209.8260584850735,235.4501878794256,0
482,195.51321528563867,272.0058607724736,0
483,166.1803848970365,290.0470216455408,0
484,197.99210246778284,128.4612448940976,0
485,206.40522074553945,165.94741712625597,0
486,242.0321774494362,167.36880103488045,0
487,177.690828339261,105.52296345272345,0
488,177.38468403754615,78.80603366855216,0
489,120.80485882571384,238.02073280721487,0
490,239.2900079325416,221.27287808924825,0
491,151.65119284353935,197.614432192901,0
492,199.81987304547158,142.08176554037286,0
493,275.1699150883575,243.86811452878356,0
494,188.95179130851682,201.34429194972654,0
495,210.41914039737762,97.91325657878546,0
496,187.64113087397016,165.90078760011008,0
497,149.91899950525422,185.94498535570224,0
498,289.88432634247613,232.0421430633505,0
499,171.44105051086015,228.62913906780793,0
500,269.9677718293001,246.23168414563844,0
501,202.9815184960087,167.6531611147213,0
502,234.9111656806795,219.67426927108747,0
503,244.7596610013866,231.75859008409847,0
504,252.47763576596677,173.2382394219716,0
505,265.8697032817163,209.87998023461998,0
506,303.76304363126326,165.5406090955216,0
507,286.79819015826246,209.8955391731324,0
508,167.42909981927758,175.80570829728393,0
509,183.982634590284,221.20829732009582,0
510,226.14177440177497,171.31499980307106,0
511,198.78227038695087,307.11351793059316,0
512,286.3771585050356,221.8161834837016,0
513,201.90017390841,206.00156633591305,0
514,230.67589863652083,148.86037174007973,0
515,187.13117312883276,116.57079630612053,0
516,219.96115613026396,232.35979698513705,0
517,175.84067688503131,278.6993381645016,0
518,138.71171684988295,126.78125598950899,0
519,211.2225909279986,252.35491513060774,0
520,284.1963845728934,177.055786856553,0
521,253.93404167156478,198.07457652496464,0
522,191.36863500295902,244.1829968743336,0
523,232.616143920671,121.18039215078753,0
524,273.8270174862948,269.0045677073726,0
525,168.72186492452352,219.79017667187046,0
526,224.70150931413696,213.03368829119535,0
527,172.484742307729,166.41883160309743,0
528,198.72229645042773,258.63645096296824,0
529,227.1800077297216,181.4692833956947,0
530,238.58493553241723,57.57286896849624,0
531,257.43828501860514,113.01431106109501,0
532,181.8779529298434,144.0165052686928,0
533,135.2659262139547,258.04133936892595,0
534,176.61493993440544,217.3251940865358,0
535,197.6539710560408,223.85204136115607,0
536,203.84109455301277,135.85038879057151,0
537,249.813340972357,175.31217084193437,0
538,122.17090506701244,178.59424195170436,0
539,275.03798953171554,242.51108710567465,0
540,182.56739327960705,182.53711478407857,0
541,183.91824743913088,303.83739917804206,0
542,219.09677261157768,221.50208235955347,0
543,251.51417270159212,211.93945795132566,0
544,187.04789270896484,190.1825075457511,0
545,196.4199370292968,198.1388881745079,0
546,236.381477181849,202.59729429036497,0
547,236.63200386077895,195.96417099457088,0
548,203.93175951580454,100.08996577339462,0
549,245.81638373512408,217.32442379489964,0
550,249.9005054929826,55.18723109031555,0
551,304.4187352390364,193.0205185922413,0
552,255.40914083687582,148.00470364372347,0
553,230.63869525312847,147.32922184131718,0
554,168.81155196520973,295.7015676933393,0
555,190.46587996183268,210.87164365898616,0
556,243.5033865344377,224.78409439863023,0
557,207.52094525717882,218.24805012331126,0
558,320.17077926191376,197.11906014832073,0
559,210.05495233574837,252.5327198003806,0
560,255.2762966478992,259.351515278019,0
561,231.93651110145925,142.84975436347582,0
562,281.6715766150548,142.6827303490656,0
563,215.13177326195165,162.28620749903212,0
564,196.79308267035037,216.43812051517403,0
565,216.06786077251365,221.09603771176424,0
566,280.68556345293234,222.67671507569898,0
567,187.79216823546756,248.20435841441787,0
568,259.47352444623203,138.61960924315036,0
569,229.8700034924929,235.0586371155449,0
570,185.1218248320004,268.785340665581,0
571,192.49722064837366,206.2788226735771,0
572,191.34640878580652,200.7789523790734,0
573,145.1862456552399,127.99745587028528,0
574,279.7252531612486,157.65193258408362,0
575,150.43038252718463,92.33049431981426,0
576,168.05191261552488,133.84551032962509,0
577,282.10075800681847,250.4908544671317,0
578,165.59248274111383,312.62179026721543,0
579,249.0882743495797,183.75843082456888,0
580,75.02971425632134,314.5471286295371,0
581,130.5213766618202,117.73006265215541,0
582,251.128521600482,321.98762031696367,0
583,269.2136409255259,228.195456002618,0
584,229.7377170832643,242.67077793901538,0
585,237.94642948933824,214.0595711984688,0
586,205.21005519759382,196.8703436050239,0
587,162.30177055666618,185.9662461566613,0
588,115.35215929023073,195.0830186602625,0
589,150.57044464245413,144.82053413921145,0
590,208.99470755767393,269.60011431722995,0
591,245.91583030011566,121.47496981884115,0
592,150.51859317148313,247.0385593994108,0
593,150.87563032308452,188.76834250014878,0
594,227.5026049512276,151.58277725681825,0
595,205.268775307298,133.2987252540898,0
596,169.93161780243932,215.98909670712686,0
597,120.35031332341653,222.02373689801993,0
598,199.01811005366594,227.6244977208574,0
599,211.19570670323307,268.2070214986922,0
600,206.26122513239537,178.52972294373734,0
601,206.1148751516142,227.1649014518194,0
602,202.44300351628522,202.0295845601941,0
603,164.90041560966222,166.8549541224526,0
604,129.86973641001532,287.478837159347,0
605,137.80683823043574,165.35474011020463,0
606,164.0796367215401,244.74621884722205,0
607,185.2525160853986,262.3871036336867,0
608,166.32546878780659,213.9497081111901,0
609,158.23264733701214,307.2574563886694,0
610,140.62007904852436,215.49103551135138,0
611,231.6888440466049,220.6899548725749,0
612,190.7356170561146,193.5089650133287,0
613,202.19057359895547,192.64989991857556,0
614,248.19395583974548,310.52615007956757,0
615,172.1254107496083,131.5098510210461,0
616,195.58589758243727,328.98546688271597,0
617,159.81627160151345,281.9558402722034,0
618,283.885040703822,172.32058791460028,0
619,228.44915395926375,281.4198311564269,0
620,181.04361295062566,189.82098199488192,0
621,170.9159543025678,149.26216346535665,0
622,167.53612274669965,138.8029866618872,0
623,201.7041734129613,161.5013384470679,0
624,211.68929558953738,122.20521768981864,0
625,216.54401161072286,241.67644808044622,0
626,100.31321787142723,218.70282849237861,0
627,261.3834496236646,139.51794906543972,0
628,283.62861934188516,220.95095046830227,0
629,164.74940721207957,197.2115461171147,0
630,227.91634562608613,203.80026957062057,0
631,226.93779962231847,153.9663203460317,0
632,208.46804120180389,129.314275154751,0
633,194.438696932565,154.8046179267605,0
634,163.22350287051168,261.8046587605219,0
635,254.56550602971345,230.45690604535883,0
636,145.38436176637106,184.1795775152599,0
637,260.6548849989592,207.08584568199524,0
638,315.9664769990847,219.6658919697186,0
639,209.6024558245016,184.54417678987494,0
640,206.6770452391141,192.3765081809728,0
641,235.40543383442952,247.8351158397292,0
642,160.70052697460252,133.4383523221111,0
643,108.18973134483517,225.3995663456272,0
644,144.83166969130633,92.35547035237586,0
645,219.4289302265482,324.6499758716395,0
646,199.69645442300532,241.9245387225821,0
647,204.09146792737826,195.05551734044286,0
648,245.95382414938842,185.48627279056743,0
649,213.36961570359514,216.08489030980067,0
650,166.59547731784755,249.60211747682615,0
651,191.25201216522956,162.21274202535776,0
652,226.82549217852016,155.07660091044812,0
653,201.40905786845642,199.54405016778983,0
654,254.2947782915789,223.73491164399763,0
655,198.7486520627428,240.88831496001436,0
656,269.5103774508657,227.8905153175931,0
657,200.51763099216902,134.40818838249203,0
658,146.74431684623136,184.73876478226663,0
659,169.52438989203586,190.6514348507277,0
660,202.83249624485535,226.48463771783653,0
661,196.47506109704543,224.3250821913101,0
662,203.22372074050602,101.22667168230643,0
663,153.03323030906228,192.79562221391922,0
664,139.5152628579446,229.99643649981022,0
665,276.53754161718484,260.93809258486584,0
666,189.3278564534896,274.5363068424976,0
667,207.43337286010558,183.14570144409802,0
668,169.32986682295302,184.8765156755936,0
669,180.59115907293855,208.5208111187744,0
670,208.02869905249324,200.15230100767073,0
671,221.84690848731748,259.5323137393171,0
672,247.4777067720662,125.75510157750483,0
673,72.30394325490226,246.7159955619637,0
674,131.65606507922894,188.76172990536583,0
675,141.49434869703202,109.90097812099901,0
676,227.07313641023939,237.95775801513236,0
677,171.17447996366403,70.4478853927545,0
678,172.68777758737588,219.59020027012733,0
679,126.05442156129357,209.16799598895778,0
680,199.2345075413502,228.9645749800544,0
681,205.97901842070766,151.34655295592222,0
682,259.82857508322456,192.0735213486515,0
683,198.6347730245034,153.3366020463402,0
684,177.83588744042447,155.75986429865495,0
685,191.35269700382884,285.5854240071172,0
686,131.4049428534322,119.32193010616294,0
687,273.55851637468044,189.5338161424067,0
688,166.54636306700417,251.99523436980382,0
689,169.7192230131568,291.30048567734684,0
690,233.89629356696344,175.60442959271487,0
691,307.86541066327516,169.71425384983309,0
692,237.10476860046535,214.9646290203246,0
693,265.0870644699399,278.0755598363426,0
694,201.60020745328833,162.32910648269083,0
695,222.9986071469558,166.1142315123947,0
696,300.66936237633115,206.82676655413687,0
697,181.73392243439457,209.23401529324542,0
698,132.64368552351516,151.4192980744674,0
699,260.0206953972213,167.1552860514302,0
700,147.65445086590302,226.83263762636432,0
701,259.28520773314983,235.94766553325334,0
702,249.80238429029083,162.16024557152696,0
703,128.90946666290782,275.06668259777433,0
704,183.86600805789323,187.45834917724764,0
705,266.4097070924529,227.811500470033,0
706,222.79438860408038,308.2501172450542,0
707,167.82408848099286,246.39200640406187,0
708,202.85065624485424,213.42961394316285,0
709,276.4234213206266,225.39178781448118,0
710,226.91480395248163,253.6253668654901,0
711,181.75236352285575,158.0395166330497,0
712,147.7595402989483,101.68217053119992,0
713,302.8103564970161,144.83958171391583,0
714,188.9373188207114,186.15933500555397,0
715,215.37033489045504,240.78686062696482,0
716,243.02367441798725,170.84612807155307,0
717,191.64391431067943,214.12899752441498,0
718,187.56544369082263,280.36727880099966,0
719,224.54874758191255,236.74388930249086,0
720,233.14406343337063,258.67369287426624,0
721,209.05107793518533,135.15840260220767,0
722,219.9843975876321,167.43215531040855,0
723,173.56916591251215,229.31820093775465,0
724,261.91415357168177,201.0635788368031,0
725,215.44165062994819,285.1107472317619,0
726,212.0376589744284,330.08415570901974,0
727,228.2754822815772,111.96186204220912,0
728,237.66708105522662,219.05791924413887,0
729,264.4876377041373,233.65906756349793,0
730,193.0772008008113,138.78508818553172,0
731,189.54883713569873,157.473977289535,0
732,170.97382750976385,229.42892022103047,0
733,283.4952252175703,219.73357649114905,0
734,140.2058468982408,222.23013341100705,0
735,259.83157433228257,169.5108547840309,0
736,193.2991416663541,200.73440973645987,0
737,160.755084345888,232.41402169219296,0
738,193.9525925696109,220.97662219535138,0
739,155.625391109895,178.1270849838295,0
740,236.11906789138857,181.35834239541165,0
741,286.34819256167026,180.01819071926988,0
742,211.23423628759429,246.6295415936545,0
743,129.08171335334842,111.95955940096121,0
744,123.71718427149526,263.1292051713591,0
745,172.40709270537766,327.9099642834126,0
746,171.78762006713058,209.22756515985185,0
747,277.1054976283938,300.3046444079562,0
748,303.0751788318199,260.4183115296571,0
749,251.20312629057312,229.62634746005915,0
750,238.91805380833188,172.44071418357333,0
751,159.09005582888466,199.8312771294524,0
752,191.49076887375358,177.33859753363623,0
753,234.81937237283577,247.76526042852555,0
754,204.42034431459237,273.8765040527631,0
755,142.91554429332476,190.31702703601408,0
756,164.15888396985974,106.673169146347,0
757,195.86596570786503,193.91262458083582,0
758,275.67248716210656,231.54058422773886,0
759,148.79065878353975,292.70462831670943,0
760,261.0516847762676,229.10488517343077,0
761,188.6757950575084,152.028038163826,0
762,181.38966119644735,254.4374309852093,0
763,294.2293152967304,277.1621764136095,0
764,175.5575289106863,144.01912833554945,0
765,207.0443123455602,111.57803172185741,0
766,216.15838570923907,192.61987068506656,0
767,176.6981749065879,120.26484663666022,0
768,225.68000532848583,173.36495801690444,0
769,141.50415821448559,56.386889335917544,0
770,198.6242547474682,288.6125798334872,0
771,283.0629607273935,177.1451871706864,0
772,169.88939698191098,223.43871280375117,0
773,150.08072804058543,215.0895949909733,0
774,238.3040139192345,261.34666119421536,0
775,194.99229617600236,189.8163124911517,0
776,156.10087066217196,158.655982298007,0
777,188.67605540492366,218.3682753408089,0
778,245.67923131166248,159.84105246598276,0
779,274.6344284479761,186.44381994787156,0
780,198.93163528257818,162.63941604260884,0
781,78.78798698635292,244.20226981805249,0
782,236.84219485462165,185.93362214408933,0
783,203.3495358612436,225.79696088520498,0
784,121.87270715567287,173.54736613268526,0
785,239.71323398109135,137.28552884153754,0
786,214.67789660833145,132.17090976882974,0
787,223.3214991216763,198.21792588512582,0
788,119.24340920472453,258.2369677228586,0
789,163.27042116009756,159.48737814928094,0
790,210.02845986154713,257.43186747143574,0
791,149.20890905108016,203.08399249239858,0
792,221.44082501652866,234.6552803631572,0
793,208.82207776386127,181.6486080458339,0
794,158.62048896756403,204.30719415231874,0
795,146.39304940071966,53.93247582526962,0
796,221.8279902078834,245.19674205430977,0
797,81.85337822290808,149.5134647645031,0
798,230.95771305025988,302.8747734855849,0
799,201.0396853837704,163.59985293854328,0
800,190.855177944758,268.74382095740924,0
801,167.70179104377323,160.04039966748732,0
802,175.86282389089837,152.33356958706437,0
803,206.13351579973977,281.233922923478,0
804,216.15396365580145,187.38232489368562,0
805,185.4094365542228,121.84045956516715,0
806,244.15548885735797,196.1081401493599,0
807,190.97600432046872,359.65537839224305,0
808,214.93764541828432,162.4104474952408,0
809,178.68212018972284,257.4222854598377,0
810,205.66352052688822,128.08610108413166,0
811,245.96144672876017,166.5927957230503,0
812,293.6648888108773,254.00240328573244,0
813,177.63390521706245,264.0508180867556,0
814,203.39277552637017,242.63868375611096,0
815,224.23664086472374,157.68216725045633,0
816,167.8225083841269,251.49804087905807,0
817,183.26123339467296,179.81757683790016,0
818,152.24387103253235,221.17995327967304,0
819,303.1262459621572,146.62335428728636,0
820,201.2109728336379,270.61102777077144,0
821,196.01793043771426,222.6185898124867,0
822,146.880323592656,221.41535486038242,0
823,190.64278674977257,249.28649978399315,0
824,259.3693025782376,329.47818210093067,0
825,228.9816586606788,216.28981582910833,0
826,209.7192150788668,182.34168535946557,0
827,216.92419217308455,185.22992949304853,0
828,208.4230488134807,265.879876780398,0
829,149.67287173601795,256.99392805645226,0
830,265.85575336699327,194.09657365044606,0
831,93.90725504957027,169.60890064527837,0
832,264.84972732805545,198.8565968850559,0
833,150.03488838525448,174.76125393858914,0
834,242.03100132522763,227.33667841006897,0
835,188.05339504151527,181.65877940926563,0
836,180.4120925478089,153.87949077507488,0
837,280.7687844734721,183.883976539433,0
838,260.8579260412748,276.0658025961226,0
839,249.91554490739802,178.41898436409758,0
840,220.18650451683047,198.7902196804542,0
841,154.8149069634936,216.21796408608014,0
842,141.04801044200988,259.38396942307816,0
843,176.76913513508035,210.05798279364197,0
844,214.1643935773071,187.05475131479614,0
845,229.33469007376374,176.25481716887379,0
846,243.56486487286222,132.70101598766257,0
847,206.3189789773206,296.94644995291424,0
848,149.98343376972127,166.11275147375744,0
849,225.69539248294575,208.9790890969799,0
850,217.53150496367795,224.45935650738318,0
851,231.7360734280885,255.48499209781116,0
852,220.49093284642564,187.93711726907287,0
853,233.62868506013655,294.9940967447608,0
854,193.36831268087133,151.27353476646792,0
855,255.35403346434865,193.98094180232007,0
856,91.36652269929819,242.37108385752109,0
857,173.23359070230387,195.47333588479196,0
858,216.59901652845073,209.52498398895332,0
859,235.47259085695197,178.22568147150784,0
860,225.65528990880415,187.02266612080413,0
861,236.94052404437514,230.76837420065266,0
862,153.22806489777022,254.29910580875162,0
863,173.2018277442976,240.40288991405725,0
864,218.36436567006703,291.9091838397561,0
865,188.8267008814074,182.53416019409013,0
866,199.02901970561336,184.84101085828624,0
867,239.9970950971025,119.1844695781706,0
868,147.3158790426823,146.60985392104035,0
869,247.51537959867878,285.5306686290963,0
870,194.77753907312643,191.55891384049946,0
871,203.50260815565906,258.0939151304095,0
872,153.63234329047128,211.91844913673927,0
873,248.75988148912148,225.05470849699225,0
874,209.47908082993717,250.05230462835706,0
875,64.83838535003815,233.89376597654538,0
876,167.2962158436288,108.46835515717716,0
877,225.56012997624904,268.68292725814786,0
878,193.1275742686154,247.64372736014695,0
879,280.6139128994323,265.74572267920234,0
880,281.99822646856967,237.1063745535946,0
881,203.77168194507965,119.90170940514157,0
882,187.69687559350257,157.8376702341904,0
883,308.54713587489067,191.20570937838318,0
884,206.1602403392243,227.57426880202337,0
885,202.1801223186227,284.75255202153767,0
886,168.8675319132774,209.73037276186213,0
887,162.87647071509758,133.99887443896472,0
888,169.41154545473574,198.1481601475794,0
889,178.53488877413702,165.3789510063072,0
890,129.6841268164083,195.84472136856527,0
891,124.76398129844989,238.00279818448013,0
892,204.12198764672516,127.12242502675348,0
893,184.53954614750683,162.39217972047084,0
894,215.95872552095904,267.0225223011572,0
895,106.24137651771277,205.75130395737085,0
896,191.99336022166798,233.56700382252328,0
897,210.65983141188445,162.40153341305904,0
898,184.0473032166691,160.19870715982555,0
899,253.80035692992993,201.06558243359711,0
900,295.05953428765037,196.96695930926896,0
901,164.57966165447687,124.31428036935864,0
902,109.84301618720275,120.79320284972552,0
903,213.35633255057417,225.4362511614967,0
904,120.94046489839333,244.75191570380576,0
905,175.84694741582803,207.33965059927746,0
906,280.61103141277124,244.8419657932766,0
907,186.57346760470838,155.44038872923562,0
908,92.40922993353476,164.042334037879,0
909,189.4434880586153,150.6410236424408,0
910,193.43715164538477,203.8425941479384,0
911,188.75720090959607,167.49987095882702,0
912,208.43273359833637,222.09703247847045,0
913,145.4800461278577,270.54661898731354,0
914,195.0705933857869,200.94248114724238,0
915,235.41072116282785,211.66080656317507,0
916,247.65683169566225,214.35620826009122,0
917,169.37813126797812,218.07517626030508,0
918,142.8136896339669,205.42798528882616,0
919,198.33850046777695,189.594157136373,0
920,193.57312442805346,105.90754772511805,0
921,172.56375461295193,204.64224505705573,0
922,207.99281959987002,148.61624295370208,0
923,263.28539204323505,156.69125758927495,0
924,248.47286002633683,221.35971809358423,0
925,167.68863450780984,288.7655446304756,0
926,140.318158412176,245.95770868050008,0
927,250.02911590214893,166.46898954616776,0
928,269.62326500321643,187.49767427005236,0
929,214.43468146399286,213.01609193856103,0
930,193.2845629264726,240.54041365798912,0
931,239.67443602761065,112.57340133809096,0
932,265.2170121439076,116.87540059821629,0
933,251.62731021708288,256.3352568413792,0
934,145.4516784892401,179.45928560227077,0
935,144.7147665757032,189.25394848556323,0
936,184.59828579071294,238.983026613467,0
937,265.5154373059804,269.7841905394978,0
938,171.8915986710849,189.5389063127736,0
939,115.82809038895249,159.70649667519058,0
940,248.24258165487288,280.7791411774116,0
941,138.2825564060039,170.3767870423553,0
942,198.67971215205364,214.00805794098034,0
943,159.51982400391768,221.20305222320448,0
944,176.3080326464542,199.27738645608605,0
945,227.31421240018497,200.32111349054688,0
946,178.18070547367157,194.51950980370844,0
947,195.58185203973323,181.4994485058936,0
948,187.06019686664487,279.9323585252358,0
949,228.04597239706195,185.22598409854197,0
950,704.5431606766103,549.9270765365985,1
951,775.9686956379962,655.446328829714,1
952,583.9046783993657,667.1575388715416,1
953,364.3685771897251,430.9848796635292,1
954,420.9112490401417,621.441464214556,1
955,859.8772499227638,934.6950219288949,1
956,695.7076652161136,675.1266712416685,1
957,329.8413398770892,518.5989300398967,1
958,481.83243721376414,506.8728602623326,1
959,574.7784272122816,529.1864133454309,1
960,303.10502844363185,712.1865384176301,1
961,439.08854613902906,635.8870296166724,1
962,911.112400462496,462.0923112620365,1
963,220.45687158805055,557.0993667179833,1
964,765.1439452497857,893.7521181330891,1
965,415.5675608321375,674.5048834854782,1
966,530.203431482992,584.1077468543797,1
967,996.6515020525552,374.554450740727,1
968,638.0609492241861,670.153975764815,1
969,762.8679487409021,614.6974730206343,1
970,646.2075809256154,541.2527148867314,1
971,640.3690411867661,548.5211586753884,1
972,693.2357834784076,544.558449593455,1
973,656.565059085328,595.6105779472532,1
974,768.9075376158253,592.290941461727,1
975,334.0451297689678,789.2882251070987,1
976,464.14015487060715,501.935049202677,1
977,510.6508058934762,806.1657139756226,1
978,279.64886790319565,1070.662280048999,1
979,758.4085213599078,633.485837119374,1
980,591.765899907557,642.8331112286486,1
981,678.1683642569008,696.7823378925085,1
982,683.3406699005172,613.4371021882873,1
983,570.3992369539011,577.3090074519732,1
984,570.7637579470978,770.0655145300597,1
985,689.0335083421293,158.94170480035797,1
986,698.3851164794642,629.2104292078162,1
987,597.1936865331154,541.7222320366672,1
988,768.616907997902,742.1289693184287,1
989,484.06834982645864,661.0578430686803,1
990,454.2514898188071,393.0572752816604,1
991,505.9924163115052,729.3590208574138,1
992,742.968756806413,676.962813014594,1
993,708.7643680271996,677.4267430672437,1
994,503.77776071655717,664.7883817010911,1
995,720.0614287841523,713.1436994720361,1
996,778.3370057211964,706.2455770801596,1
997,652.7172311312374,760.5225357474641,1
998,596.021811112641,467.71880231584237,1
999,575.5399554084354,488.26460327903266,1
