[{
  "_id": {
    "$oid": "673242c106e18db902ab49a5"
  },
  "region": "Kanto",
  "type": "rock",
  "leader": "Brock",
  "type_id": {
    "$oid": "673242c006e18db902ab4865"
  }
},
{
  "_id": {
    "$oid": "673242c106e18db902ab49a6"
  },
  "region": "Kanto",
  "type": "water",
  "leader": "Misty",
  "type_id": {
    "$oid": "673242c006e18db902ab486a"
  }
},
{
  "_id": {
    "$oid": "673242c106e18db902ab49a7"
  },
  "region": "Kanto",
  "type": "electric",
  "leader": "Lt. Surge",
  "type_id": {
    "$oid": "673242c006e18db902ab486c"
  }
},
{
  "_id": {
    "$oid": "673242c106e18db902ab49a8"
  },
  "region": "Kanto",
  "type": "grass",
  "leader": "Erika",
  "type_id": {
    "$oid": "673242c006e18db902ab486b"
  }
},
{
  "_id": {
    "$oid": "673242c106e18db902ab49a9"
  },
  "region": "Kanto",
  "type": "poison",
  "leader": "Koga",
  "type_id": {
    "$oid": "673242c006e18db902ab4863"
  }
},
{
  "_id": {
    "$oid": "673242c106e18db902ab49aa"
  },
  "region": "Kanto",
  "type": "psychic",
  "leader": "Sabrina",
  "type_id": {
    "$oid": "673242c006e18db902ab486d"
  }
},
{
  "_id": {
    "$oid": "673242c106e18db902ab49ab"
  },
  "region": "Kanto",
  "type": "fire",
  "leader": "Blaine",
  "type_id": {
    "$oid": "673242c006e18db902ab4869"
  }
},
{
  "_id": {
    "$oid": "673242c106e18db902ab49ac"
  },
  "region": "Kanto",
  "type": "ground",
  "leader": "Giovanni",
  "type_id": {
    "$oid": "673242c006e18db902ab4864"
  }
},
{
  "_id": {
    "$oid": "673242c106e18db902ab49ad"
  },
  "region": "Johto",
  "type": "flying",
  "leader": "Pegaso",
  "type_id": {
    "$oid": "673242c006e18db902ab4862"
  }
},
{
  "_id": {
    "$oid": "673242c106e18db902ab49ae"
  },
  "region": "Johto",
  "type": "bug",
  "leader": "Antón",
  "type_id": {
    "$oid": "673242c006e18db902ab4866"
  }
},
{
  "_id": {
    "$oid": "673242c106e18db902ab49af"
  },
  "region": "Johto",
  "type": "normal",
  "leader": "Blanca",
  "type_id": {
    "$oid": "673242c006e18db902ab4860"
  }
},
{
  "_id": {
    "$oid": "673242c106e18db902ab49b0"
  },
  "region": "Johto",
  "type": "ghost",
  "leader": "Morti",
  "type_id": {
    "$oid": "673242c006e18db902ab4867"
  }
},
{
  "_id": {
    "$oid": "673242c106e18db902ab49b1"
  },
  "region": "Johto",
  "type": "fighting",
  "leader": "Aníbal",
  "type_id": {
    "$oid": "673242c006e18db902ab4861"
  }
},
{
  "_id": {
    "$oid": "673242c106e18db902ab49b2"
  },
  "region": "Johto",
  "type": "steel",
  "leader": "Yasmina",
  "type_id": {
    "$oid": "673242c006e18db902ab4868"
  }
},
{
  "_id": {
    "$oid": "673242c106e18db902ab49b3"
  },
  "region": "Johto",
  "type": "ice",
  "leader": "Fredo",
  "type_id": {
    "$oid": "673242c006e18db902ab486e"
  }
},
{
  "_id": {
    "$oid": "673242c106e18db902ab49b4"
  },
  "region": "Johto",
  "type": "dragon",
  "leader": "Débora",
  "type_id": {
    "$oid": "673242c006e18db902ab486f"
  }
},
{
  "_id": {
    "$oid": "673242c106e18db902ab49b5"
  },
  "region": "Hoenn",
  "type": "rock",
  "leader": "Petra",
  "type_id": {
    "$oid": "673242c006e18db902ab4865"
  }
},
{
  "_id": {
    "$oid": "673242c106e18db902ab49b6"
  },
  "region": "Hoenn",
  "type": "fighting",
  "leader": "Marcial",
  "type_id": {
    "$oid": "673242c006e18db902ab4861"
  }
},
{
  "_id": {
    "$oid": "673242c106e18db902ab49b7"
  },
  "region": "Hoenn",
  "type": "electric",
  "leader": "Erico",
  "type_id": {
    "$oid": "673242c006e18db902ab486c"
  }
},
{
  "_id": {
    "$oid": "673242c106e18db902ab49b8"
  },
  "region": "Hoenn",
  "type": "fire",
  "leader": "Candela",
  "type_id": {
    "$oid": "673242c006e18db902ab4869"
  }
},
{
  "_id": {
    "$oid": "673242c106e18db902ab49b9"
  },
  "region": "Hoenn",
  "type": "normal",
  "leader": "Norman",
  "type_id": {
    "$oid": "673242c006e18db902ab4860"
  }
},
{
  "_id": {
    "$oid": "673242c106e18db902ab49ba"
  },
  "region": "Hoenn",
  "type": "flying",
  "leader": "Alana",
  "type_id": {
    "$oid": "673242c006e18db902ab4862"
  }
},
{
  "_id": {
    "$oid": "673242c106e18db902ab49bb"
  },
  "region": "Hoenn",
  "type": "psychic",
  "leader": "Vito y Leti",
  "type_id": {
    "$oid": "673242c006e18db902ab486d"
  }
},
{
  "_id": {
    "$oid": "673242c106e18db902ab49bc"
  },
  "region": "Hoenn",
  "type": "water",
  "leader": "Plubio",
  "type_id": {
    "$oid": "673242c006e18db902ab486a"
  }
},
{
  "_id": {
    "$oid": "673242c106e18db902ab49bd"
  },
  "region": "Sinnoh",
  "type": "rock",
  "leader": "Roco",
  "type_id": {
    "$oid": "673242c006e18db902ab4865"
  }
},
{
  "_id": {
    "$oid": "673242c106e18db902ab49be"
  },
  "region": "Sinnoh",
  "type": "grass",
  "leader": "Gardenia",
  "type_id": {
    "$oid": "673242c006e18db902ab486b"
  }
},
{
  "_id": {
    "$oid": "673242c106e18db902ab49bf"
  },
  "region": "Sinnoh",
  "type": "fighting",
  "leader": "Brega",
  "type_id": {
    "$oid": "673242c006e18db902ab4861"
  }
},
{
  "_id": {
    "$oid": "673242c106e18db902ab49c0"
  },
  "region": "Sinnoh",
  "type": "water",
  "leader": "Mananti",
  "type_id": {
    "$oid": "673242c006e18db902ab486a"
  }
},
{
  "_id": {
    "$oid": "673242c106e18db902ab49c1"
  },
  "region": "Sinnoh",
  "type": "ghost",
  "leader": "Fantina",
  "type_id": {
    "$oid": "673242c006e18db902ab4867"
  }
},
{
  "_id": {
    "$oid": "673242c106e18db902ab49c2"
  },
  "region": "Sinnoh",
  "type": "steel",
  "leader": "Acerón",
  "type_id": {
    "$oid": "673242c006e18db902ab4868"
  }
},
{
  "_id": {
    "$oid": "673242c106e18db902ab49c3"
  },
  "region": "Sinnoh",
  "type": "ice",
  "leader": "Inverna",
  "type_id": {
    "$oid": "673242c006e18db902ab486e"
  }
},
{
  "_id": {
    "$oid": "673242c106e18db902ab49c4"
  },
  "region": "Sinnoh",
  "type": "electric",
  "leader": "Lectro",
  "type_id": {
    "$oid": "673242c006e18db902ab486c"
  }
},
{
  "_id": {
    "$oid": "673242c106e18db902ab49c5"
  },
  "region": "Teselia",
  "type": "grass",
  "leader": "fuego",
  "type_id": {
    "$oid": "673242c006e18db902ab486b"
  }
},
{
  "_id": {
    "$oid": "673242c106e18db902ab49c6"
  },
  "region": "Teselia",
  "type": "normal",
  "leader": "Aloe",
  "type_id": {
    "$oid": "673242c006e18db902ab4860"
  }
},
{
  "_id": {
    "$oid": "673242c106e18db902ab49c7"
  },
  "region": "Teselia",
  "type": "bug",
  "leader": "Camus",
  "type_id": {
    "$oid": "673242c006e18db902ab4866"
  }
},
{
  "_id": {
    "$oid": "673242c106e18db902ab49c8"
  },
  "region": "Teselia",
  "type": "electric",
  "leader": "Camila",
  "type_id": {
    "$oid": "673242c006e18db902ab486c"
  }
},
{
  "_id": {
    "$oid": "673242c106e18db902ab49c9"
  },
  "region": "Teselia",
  "type": "ground",
  "leader": "Yakón",
  "type_id": {
    "$oid": "673242c006e18db902ab4864"
  }
},
{
  "_id": {
    "$oid": "673242c106e18db902ab49ca"
  },
  "region": "Teselia",
  "type": "flying",
  "leader": "Gerania",
  "type_id": {
    "$oid": "673242c006e18db902ab4862"
  }
},
{
  "_id": {
    "$oid": "673242c106e18db902ab49cb"
  },
  "region": "Teselia",
  "type": "ice",
  "leader": "Junco",
  "type_id": {
    "$oid": "673242c006e18db902ab486e"
  }
},
{
  "_id": {
    "$oid": "673242c106e18db902ab49cc"
  },
  "region": "Teselia",
  "type": "dragon",
  "leader": "Iris",
  "type_id": {
    "$oid": "673242c006e18db902ab486f"
  }
},
{
  "_id": {
    "$oid": "673242c106e18db902ab49cd"
  },
  "region": "Kalos",
  "type": "bug",
  "leader": "Violeta",
  "type_id": {
    "$oid": "673242c006e18db902ab4866"
  }
},
{
  "_id": {
    "$oid": "673242c106e18db902ab49ce"
  },
  "region": "Kalos",
  "type": "rock",
  "leader": "Lino",
  "type_id": {
    "$oid": "673242c006e18db902ab4865"
  }
},
{
  "_id": {
    "$oid": "673242c106e18db902ab49cf"
  },
  "region": "Kalos",
  "type": "fighting",
  "leader": "Corelia",
  "type_id": {
    "$oid": "673242c006e18db902ab4861"
  }
},
{
  "_id": {
    "$oid": "673242c106e18db902ab49d0"
  },
  "region": "Kalos",
  "type": "grass",
  "leader": "Amaro",
  "type_id": {
    "$oid": "673242c006e18db902ab486b"
  }
},
{
  "_id": {
    "$oid": "673242c106e18db902ab49d1"
  },
  "region": "Kalos",
  "type": "electric",
  "leader": "Lem",
  "type_id": {
    "$oid": "673242c006e18db902ab486c"
  }
},
{
  "_id": {
    "$oid": "673242c106e18db902ab49d2"
  },
  "region": "Kalos",
  "type": "fairy",
  "leader": "Valeria",
  "type_id": {
    "$oid": "673242c006e18db902ab4871"
  }
},
{
  "_id": {
    "$oid": "673242c106e18db902ab49d3"
  },
  "region": "Kalos",
  "type": "psychic",
  "leader": "Ástrid",
  "type_id": {
    "$oid": "673242c006e18db902ab486d"
  }
},
{
  "_id": {
    "$oid": "673242c106e18db902ab49d4"
  },
  "region": "Kalos",
  "type": "ice",
  "leader": "Édel",
  "type_id": {
    "$oid": "673242c006e18db902ab486e"
  }
},
{
  "_id": {
    "$oid": "673242c106e18db902ab49d5"
  },
  "region": "Kanto",
  "type": "rock",
  "leader": "Brock",
  "type_id": {
    "$oid": "673242c006e18db902ab4865"
  }
},
{
  "_id": {
    "$oid": "673242c106e18db902ab49d6"
  },
  "region": "Kanto",
  "type": "water",
  "leader": "Misty",
  "type_id": {
    "$oid": "673242c006e18db902ab486a"
  }
},
{
  "_id": {
    "$oid": "673242c106e18db902ab49d7"
  },
  "region": "Kanto",
  "type": "grass",
  "leader": "Erika",
  "type_id": {
    "$oid": "673242c006e18db902ab486b"
  }
},
{
  "_id": {
    "$oid": "673242c106e18db902ab49d8"
  },
  "region": "Kanto",
  "type": "poison",
  "leader": "Koga",
  "type_id": {
    "$oid": "673242c006e18db902ab4863"
  }
},
{
  "_id": {
    "$oid": "673242c106e18db902ab49d9"
  },
  "region": "Kanto",
  "type": "psychic",
  "leader": "Sabrina",
  "type_id": {
    "$oid": "673242c006e18db902ab486d"
  }
},
{
  "_id": {
    "$oid": "673242c106e18db902ab49da"
  },
  "region": "Kanto",
  "type": "fire",
  "leader": "Blaine",
  "type_id": {
    "$oid": "673242c006e18db902ab4869"
  }
},
{
  "_id": {
    "$oid": "673242c106e18db902ab49db"
  },
  "region": "Kanto",
  "type": "ground",
  "leader": "Giovanni",
  "type_id": {
    "$oid": "673242c006e18db902ab4864"
  }
},
{
  "_id": {
    "$oid": "673242c106e18db902ab49dc"
  },
  "region": "Johto",
  "type": "flying",
  "leader": "Pegaso",
  "type_id": {
    "$oid": "673242c006e18db902ab4862"
  }
},
{
  "_id": {
    "$oid": "673242c106e18db902ab49dd"
  },
  "region": "Johto",
  "type": "bug",
  "leader": "Antón",
  "type_id": {
    "$oid": "673242c006e18db902ab4866"
  }
},
{
  "_id": {
    "$oid": "673242c106e18db902ab49de"
  },
  "region": "Johto",
  "type": "normal",
  "leader": "Blanca",
  "type_id": {
    "$oid": "673242c006e18db902ab4860"
  }
},
{
  "_id": {
    "$oid": "673242c106e18db902ab49df"
  },
  "region": "Johto",
  "type": "ghost",
  "leader": "Morti",
  "type_id": {
    "$oid": "673242c006e18db902ab4867"
  }
},
{
  "_id": {
    "$oid": "673242c106e18db902ab49e0"
  },
  "region": "Johto",
  "type": "fighting",
  "leader": "Aníbal",
  "type_id": {
    "$oid": "673242c006e18db902ab4861"
  }
},
{
  "_id": {
    "$oid": "673242c106e18db902ab49e1"
  },
  "region": "Johto",
  "type": "steel",
  "leader": "Yasmina",
  "type_id": {
    "$oid": "673242c006e18db902ab4868"
  }
},
{
  "_id": {
    "$oid": "673242c106e18db902ab49e2"
  },
  "region": "Johto",
  "type": "ice",
  "leader": "Fredo",
  "type_id": {
    "$oid": "673242c006e18db902ab486e"
  }
},
{
  "_id": {
    "$oid": "673242c106e18db902ab49e3"
  },
  "region": "Johto",
  "type": "dragon",
  "leader": "Débora",
  "type_id": {
    "$oid": "673242c006e18db902ab486f"
  }
},
{
  "_id": {
    "$oid": "673242c106e18db902ab49e4"
  },
  "region": "Johto",
  "type": "water",
  "leader": "Dorian",
  "type_id": {
    "$oid": "673242c006e18db902ab486a"
  }
},
{
  "_id": {
    "$oid": "673242c106e18db902ab49e5"
  },
  "region": "Hoenn",
  "type": "rock",
  "leader": "Petra",
  "type_id": {
    "$oid": "673242c006e18db902ab4865"
  }
},
{
  "_id": {
    "$oid": "673242c106e18db902ab49e6"
  },
  "region": "Hoenn",
  "type": "fighting",
  "leader": "Marcial",
  "type_id": {
    "$oid": "673242c006e18db902ab4861"
  }
},
{
  "_id": {
    "$oid": "673242c106e18db902ab49e7"
  },
  "region": "Hoenn",
  "type": "fire",
  "leader": "Candela",
  "type_id": {
    "$oid": "673242c006e18db902ab4869"
  }
},
{
  "_id": {
    "$oid": "673242c106e18db902ab49e8"
  },
  "region": "Hoenn",
  "type": "normal",
  "leader": "Norman",
  "type_id": {
    "$oid": "673242c006e18db902ab4860"
  }
},
{
  "_id": {
    "$oid": "673242c106e18db902ab49e9"
  },
  "region": "Hoenn",
  "type": "flying",
  "leader": "Alana",
  "type_id": {
    "$oid": "673242c006e18db902ab4862"
  }
},
{
  "_id": {
    "$oid": "673242c106e18db902ab49ea"
  },
  "region": "Hoenn",
  "type": "psychic",
  "leader": "Vito y Leti",
  "type_id": {
    "$oid": "673242c006e18db902ab486d"
  }
},
{
  "_id": {
    "$oid": "673242c106e18db902ab49eb"
  },
  "region": "Hoenn",
  "type": "water",
  "leader": "Plubio",
  "type_id": {
    "$oid": "673242c006e18db902ab486a"
  }
},
{
  "_id": {
    "$oid": "673242c106e18db902ab49ec"
  },
  "region": "Sinnoh",
  "type": "rock",
  "leader": "Roco",
  "type_id": {
    "$oid": "673242c006e18db902ab4865"
  }
},
{
  "_id": {
    "$oid": "673242c106e18db902ab49ed"
  },
  "region": "Sinnoh",
  "type": "grass",
  "leader": "Gardenia",
  "type_id": {
    "$oid": "673242c006e18db902ab486b"
  }
},
{
  "_id": {
    "$oid": "673242c106e18db902ab49ee"
  },
  "region": "Sinnoh",
  "type": "fighting",
  "leader": "Brega",
  "type_id": {
    "$oid": "673242c006e18db902ab4861"
  }
},
{
  "_id": {
    "$oid": "673242c106e18db902ab49ef"
  },
  "region": "Sinnoh",
  "type": "water",
  "leader": "Mananti",
  "type_id": {
    "$oid": "673242c006e18db902ab486a"
  }
},
{
  "_id": {
    "$oid": "673242c106e18db902ab49f0"
  },
  "region": "Sinnoh",
  "type": "ghost",
  "leader": "Fantina",
  "type_id": {
    "$oid": "673242c006e18db902ab4867"
  }
},
{
  "_id": {
    "$oid": "673242c106e18db902ab49f1"
  },
  "region": "Sinnoh",
  "type": "steel",
  "leader": "Acerón",
  "type_id": {
    "$oid": "673242c006e18db902ab4868"
  }
},
{
  "_id": {
    "$oid": "673242c106e18db902ab49f2"
  },
  "region": "Sinnoh",
  "type": "ice",
  "leader": "Inverna",
  "type_id": {
    "$oid": "673242c006e18db902ab486e"
  }
},
{
  "_id": {
    "$oid": "673242c106e18db902ab49f3"
  },
  "region": "Sinnoh",
  "type": "electric",
  "leader": "Lectro",
  "type_id": {
    "$oid": "673242c006e18db902ab486c"
  }
},
{
  "_id": {
    "$oid": "673242c106e18db902ab49f4"
  },
  "region": "Teselia",
  "type": "fire",
  "leader": "Planta",
  "type_id": {
    "$oid": "673242c006e18db902ab4869"
  }
},
{
  "_id": {
    "$oid": "673242c106e18db902ab49f5"
  },
  "region": "Teselia",
  "type": "normal",
  "leader": "Aloe",
  "type_id": {
    "$oid": "673242c006e18db902ab4860"
  }
},
{
  "_id": {
    "$oid": "673242c106e18db902ab49f6"
  },
  "region": "Teselia",
  "type": "bug",
  "leader": "Camus",
  "type_id": {
    "$oid": "673242c006e18db902ab4866"
  }
},
{
  "_id": {
    "$oid": "673242c106e18db902ab49f7"
  },
  "region": "Teselia",
  "type": "electric",
  "leader": "Camila",
  "type_id": {
    "$oid": "673242c006e18db902ab486c"
  }
},
{
  "_id": {
    "$oid": "673242c106e18db902ab49f8"
  },
  "region": "Teselia",
  "type": "ground",
  "leader": "Yakón",
  "type_id": {
    "$oid": "673242c006e18db902ab4864"
  }
},
{
  "_id": {
    "$oid": "673242c106e18db902ab49f9"
  },
  "region": "Teselia",
  "type": "flying",
  "leader": "Gerania",
  "type_id": {
    "$oid": "673242c006e18db902ab4862"
  }
},
{
  "_id": {
    "$oid": "673242c106e18db902ab49fa"
  },
  "region": "Teselia",
  "type": "poison",
  "leader": "Hiedra",
  "type_id": {
    "$oid": "673242c006e18db902ab4863"
  }
},
{
  "_id": {
    "$oid": "673242c106e18db902ab49fb"
  },
  "region": "Teselia",
  "type": "water",
  "leader": "Ciprián",
  "type_id": {
    "$oid": "673242c006e18db902ab486a"
  }
},
{
  "_id": {
    "$oid": "673242c106e18db902ab49fc"
  },
  "region": "Teselia",
  "type": "dragon",
  "leader": "Lirio",
  "type_id": {
    "$oid": "673242c006e18db902ab486f"
  }
},
{
  "_id": {
    "$oid": "673242c106e18db902ab49fd"
  },
  "region": "Teselia",
  "type": "normal",
  "leader": "Cheren",
  "type_id": {
    "$oid": "673242c006e18db902ab4860"
  }
},
{
  "_id": {
    "$oid": "673242c106e18db902ab49fe"
  },
  "region": "Kalos",
  "type": "bug",
  "leader": "Violeta",
  "type_id": {
    "$oid": "673242c006e18db902ab4866"
  }
},
{
  "_id": {
    "$oid": "673242c106e18db902ab49ff"
  },
  "region": "Kalos",
  "type": "rock",
  "leader": "Lino",
  "type_id": {
    "$oid": "673242c006e18db902ab4865"
  }
},
{
  "_id": {
    "$oid": "673242c106e18db902ab4a00"
  },
  "region": "Kalos",
  "type": "fighting",
  "leader": "Corelia",
  "type_id": {
    "$oid": "673242c006e18db902ab4861"
  }
},
{
  "_id": {
    "$oid": "673242c106e18db902ab4a01"
  },
  "region": "Kalos",
  "type": "grass",
  "leader": "Amaro",
  "type_id": {
    "$oid": "673242c006e18db902ab486b"
  }
},
{
  "_id": {
    "$oid": "673242c106e18db902ab4a02"
  },
  "region": "Kalos",
  "type": "fairy",
  "leader": "Valeria",
  "type_id": {
    "$oid": "673242c006e18db902ab4871"
  }
},
{
  "_id": {
    "$oid": "673242c106e18db902ab4a03"
  },
  "region": "Kalos",
  "type": "psychic",
  "leader": "Ástrid",
  "type_id": {
    "$oid": "673242c006e18db902ab486d"
  }
},
{
  "_id": {
    "$oid": "673242c106e18db902ab4a04"
  },
  "region": "Kalos",
  "type": "ice",
  "leader": "Édel",
  "type_id": {
    "$oid": "673242c006e18db902ab486e"
  }
}]