[{
  "_id": {
    "$oid": "673242c006e18db902ab4875"
  },
  "nombre": "Pokémon Trainer"
},
{
  "_id": {
    "$oid": "673242c006e18db902ab4876"
  },
  "nombre": "Aaron (Pokémon)"
},
{
  "_id": {
    "$oid": "673242c006e18db902ab4877"
  },
  "nombre": "Aarune"
},
{
  "_id": {
    "$oid": "673242c006e18db902ab4878"
  },
  "nombre": "Acerola"
},
{
  "_id": {
    "$oid": "673242c006e18db902ab4879"
  },
  "nombre": "Adaman"
},
{
  "_id": {
    "$oid": "673242c006e18db902ab487a"
  },
  "nombre": "Agatha"
},
{
  "_id": {
    "$oid": "673242c006e18db902ab487b"
  },
  "nombre": "Madoka Akagi"
},
{
  "_id": {
    "$oid": "673242c006e18db902ab487c"
  },
  "nombre": "Akari"
},
{
  "_id": {
    "$oid": "673242c006e18db902ab487d"
  },
  "nombre": "Alder"
},
{
  "_id": {
    "$oid": "673242c006e18db902ab487e"
  },
  "nombre": "Alec (Pokémon)"
},
{
  "_id": {
    "$oid": "673242c006e18db902ab487f"
  },
  "nombre": "Allister"
},
{
  "_id": {
    "$oid": "673242c006e18db902ab4880"
  },
  "nombre": "Amarys"
},
{
  "_id": {
    "$oid": "673242c006e18db902ab4881"
  },
  "nombre": "Amethio"
},
{
  "_id": {
    "$oid": "673242c006e18db902ab4882"
  },
  "nombre": "Anabel"
},
{
  "_id": {
    "$oid": "673242c006e18db902ab4883"
  },
  "nombre": "Archer (Pokémon)"
},
{
  "_id": {
    "$oid": "673242c006e18db902ab4884"
  },
  "nombre": "Archie"
},
{
  "_id": {
    "$oid": "673242c006e18db902ab4885"
  },
  "nombre": "Ardos"
},
{
  "_id": {
    "$oid": "673242c006e18db902ab4886"
  },
  "nombre": "Argenta"
},
{
  "_id": {
    "$oid": "673242c006e18db902ab4887"
  },
  "nombre": "Ariana"
},
{
  "_id": {
    "$oid": "673242c006e18db902ab4888"
  },
  "nombre": "Arlo"
},
{
  "_id": {
    "$oid": "673242c006e18db902ab4889"
  },
  "nombre": "Arven"
},
{
  "_id": {
    "$oid": "673242c006e18db902ab488a"
  },
  "nombre": "Ash Ketchum"
},
{
  "_id": {
    "$oid": "673242c006e18db902ab488b"
  },
  "nombre": "Atticus"
},
{
  "_id": {
    "$oid": "673242c006e18db902ab488c"
  },
  "nombre": "Avery"
},
{
  "_id": {
    "$oid": "673242c006e18db902ab488d"
  },
  "nombre": "AZ"
},
{
  "_id": {
    "$oid": "673242c006e18db902ab488e"
  },
  "nombre": "Barry (Pokémon Trainer)"
},
{
  "_id": {
    "$oid": "673242c006e18db902ab488f"
  },
  "nombre": "Bea"
},
{
  "_id": {
    "$oid": "673242c006e18db902ab4890"
  },
  "nombre": "Bede"
},
{
  "_id": {
    "$oid": "673242c006e18db902ab4891"
  },
  "nombre": "Benga"
},
{
  "_id": {
    "$oid": "673242c006e18db902ab4892"
  },
  "nombre": "Beni"
},
{
  "_id": {
    "$oid": "673242c006e18db902ab4893"
  },
  "nombre": "Bertha"
},
{
  "_id": {
    "$oid": "673242c006e18db902ab4894"
  },
  "nombre": "Bettie"
},
{
  "_id": {
    "$oid": "673242c006e18db902ab4895"
  },
  "nombre": "Bianca (Pokémon Trainer)"
},
{
  "_id": {
    "$oid": "673242c006e18db902ab4896"
  },
  "nombre": "Blaine"
},
{
  "_id": {
    "$oid": "673242c006e18db902ab4897"
  },
  "nombre": "Blanche"
},
{
  "_id": {
    "$oid": "673242c006e18db902ab4898"
  },
  "nombre": "Blue (Pokémon Trainer)"
},
{
  "_id": {
    "$oid": "673242c006e18db902ab4899"
  },
  "nombre": "Bonnie"
},
{
  "_id": {
    "$oid": "673242c006e18db902ab489a"
  },
  "nombre": "Brandon"
},
{
  "_id": {
    "$oid": "673242c006e18db902ab489b"
  },
  "nombre": "Brassius"
},
{
  "_id": {
    "$oid": "673242c006e18db902ab489c"
  },
  "nombre": "Brawly"
},
{
  "_id": {
    "$oid": "673242c006e18db902ab489d"
  },
  "nombre": "Brendan (Pokémon Trainer)"
},
{
  "_id": {
    "$oid": "673242c006e18db902ab489e"
  },
  "nombre": "Brock (Pokémon)"
},
{
  "_id": {
    "$oid": "673242c006e18db902ab489f"
  },
  "nombre": "Bruno (Pokémon)"
},
{
  "_id": {
    "$oid": "673242c006e18db902ab48a0"
  },
  "nombre": "Brycen"
},
{
  "_id": {
    "$oid": "673242c006e18db902ab48a1"
  },
  "nombre": "Buck"
},
{
  "_id": {
    "$oid": "673242c006e18db902ab48a2"
  },
  "nombre": "Bugsy"
},
{
  "_id": {
    "$oid": "673242c006e18db902ab48a3"
  },
  "nombre": "Burgh"
},
{
  "_id": {
    "$oid": "673242c006e18db902ab48a4"
  },
  "nombre": "Byron"
},
{
  "_id": {
    "$oid": "673242c006e18db902ab48a5"
  },
  "nombre": "Caitlin"
},
{
  "_id": {
    "$oid": "673242c006e18db902ab48a6"
  },
  "nombre": "Calaba"
},
{
  "_id": {
    "$oid": "673242c006e18db902ab48a7"
  },
  "nombre": "Calem"
},
{
  "_id": {
    "$oid": "673242c006e18db902ab48a8"
  },
  "nombre": "Candela"
},
{
  "_id": {
    "$oid": "673242c006e18db902ab48a9"
  },
  "nombre": "Candice"
},
{
  "_id": {
    "$oid": "673242c006e18db902ab48aa"
  },
  "nombre": "Carmine"
},
{
  "_id": {
    "$oid": "673242c006e18db902ab48ab"
  },
  "nombre": "Charm (character)"
},
{
  "_id": {
    "$oid": "673242c006e18db902ab48ac"
  },
  "nombre": "Chase (Pokémon Trainer)"
},
{
  "_id": {
    "$oid": "673242c006e18db902ab48ad"
  },
  "nombre": "Cheren"
},
{
  "_id": {
    "$oid": "673242c006e18db902ab48ae"
  },
  "nombre": "Cheryl (Pokémon)"
},
{
  "_id": {
    "$oid": "673242c006e18db902ab48af"
  },
  "nombre": "Chili"
},
{
  "_id": {
    "$oid": "673242c006e18db902ab48b0"
  },
  "nombre": "Chloe (Pokémon)"
},
{
  "_id": {
    "$oid": "673242c006e18db902ab48b1"
  },
  "nombre": "Chobin"
},
{
  "_id": {
    "$oid": "673242c006e18db902ab48b2"
  },
  "nombre": "Chuck"
},
{
  "_id": {
    "$oid": "673242c006e18db902ab48b3"
  },
  "nombre": "Cilan"
},
{
  "_id": {
    "$oid": "673242c006e18db902ab48b4"
  },
  "nombre": "Clair (Pokémon)"
},
{
  "_id": {
    "$oid": "673242c006e18db902ab48b5"
  },
  "nombre": "Clavell"
},
{
  "_id": {
    "$oid": "673242c006e18db902ab48b6"
  },
  "nombre": "Clay (Pokémon)"
},
{
  "_id": {
    "$oid": "673242c006e18db902ab48b7"
  },
  "nombre": "Clemont"
},
{
  "_id": {
    "$oid": "673242c006e18db902ab48b8"
  },
  "nombre": "Cliff (Pokémon)"
},
{
  "_id": {
    "$oid": "673242c006e18db902ab48b9"
  },
  "nombre": "Clover (Pokémon)"
},
{
  "_id": {
    "$oid": "673242c006e18db902ab48ba"
  },
  "nombre": "Coin (Pokémon)"
},
{
  "_id": {
    "$oid": "673242c006e18db902ab48bb"
  },
  "nombre": "Colress"
},
{
  "_id": {
    "$oid": "673242c006e18db902ab48bc"
  },
  "nombre": "Crasher Wake"
},
{
  "_id": {
    "$oid": "673242c006e18db902ab48bd"
  },
  "nombre": "Cress"
},
{
  "_id": {
    "$oid": "673242c006e18db902ab48be"
  },
  "nombre": "Crispin (Pokémon)"
},
{
  "_id": {
    "$oid": "673242c006e18db902ab48bf"
  },
  "nombre": "Cyllene"
},
{
  "_id": {
    "$oid": "673242c006e18db902ab48c0"
  },
  "nombre": "Cyndy"
},
{
  "_id": {
    "$oid": "673242c006e18db902ab48c1"
  },
  "nombre": "Cynthia (Pokémon)"
},
{
  "_id": {
    "$oid": "673242c006e18db902ab48c2"
  },
  "nombre": "Cyrano (Pokémon)"
},
{
  "_id": {
    "$oid": "673242c006e18db902ab48c3"
  },
  "nombre": "Cyrus (Pokémon)"
},
{
  "_id": {
    "$oid": "673242c006e18db902ab48c4"
  },
  "nombre": "Dahlia (Pokémon)"
},
{
  "_id": {
    "$oid": "673242c006e18db902ab48c5"
  },
  "nombre": "Dana (Pokémon)"
},
{
  "_id": {
    "$oid": "673242c006e18db902ab48c6"
  },
  "nombre": "Darach"
},
{
  "_id": {
    "$oid": "673242c006e18db902ab48c7"
  },
  "nombre": "Dawn (Pokémon Trainer)"
},
{
  "_id": {
    "$oid": "673242c006e18db902ab48c8"
  },
  "nombre": "Dendra"
},
{
  "_id": {
    "$oid": "673242c006e18db902ab48c9"
  },
  "nombre": "Diantha"
},
{
  "_id": {
    "$oid": "673242c006e18db902ab48ca"
  },
  "nombre": "Drake (Pokémon)"
},
{
  "_id": {
    "$oid": "673242c006e18db902ab48cb"
  },
  "nombre": "Drasna"
},
{
  "_id": {
    "$oid": "673242c006e18db902ab48cc"
  },
  "nombre": "Drayden"
},
{
  "_id": {
    "$oid": "673242c006e18db902ab48cd"
  },
  "nombre": "Drayton"
},
{
  "_id": {
    "$oid": "673242c006e18db902ab48ce"
  },
  "nombre": "Elaine (Pokémon Trainer)"
},
{
  "_id": {
    "$oid": "673242c006e18db902ab48cf"
  },
  "nombre": "Eldes"
},
{
  "_id": {
    "$oid": "673242c006e18db902ab48d0"
  },
  "nombre": "Elesa"
},
{
  "_id": {
    "$oid": "673242c006e18db902ab48d1"
  },
  "nombre": "Elio"
},
{
  "_id": {
    "$oid": "673242c006e18db902ab48d2"
  },
  "nombre": "Emmet"
},
{
  "_id": {
    "$oid": "673242c006e18db902ab48d3"
  },
  "nombre": "Erbie"
},
{
  "_id": {
    "$oid": "673242c006e18db902ab48d4"
  },
  "nombre": "Eri"
},
{
  "_id": {
    "$oid": "673242c006e18db902ab48d5"
  },
  "nombre": "Erika"
},
{
  "_id": {
    "$oid": "673242c006e18db902ab48d6"
  },
  "nombre": "Ethan (Pokémon Trainer)"
},
{
  "_id": {
    "$oid": "673242c006e18db902ab48d7"
  },
  "nombre": "Eusine"
},
{
  "_id": {
    "$oid": "673242c006e18db902ab48d8"
  },
  "nombre": "Eve (Pokémon)"
},
{
  "_id": {
    "$oid": "673242c006e18db902ab48d9"
  },
  "nombre": "Evelyn"
},
{
  "_id": {
    "$oid": "673242c006e18db902ab48da"
  },
  "nombre": "Exol"
},
{
  "_id": {
    "$oid": "673242c006e18db902ab48db"
  },
  "nombre": "Faba"
},
{
  "_id": {
    "$oid": "673242c006e18db902ab48dc"
  },
  "nombre": "Falkner"
},
{
  "_id": {
    "$oid": "673242c006e18db902ab48dd"
  },
  "nombre": "Fantina"
},
{
  "_id": {
    "$oid": "673242c006e18db902ab48de"
  },
  "nombre": "Flannery"
},
{
  "_id": {
    "$oid": "673242c006e18db902ab48df"
  },
  "nombre": "Flint (Pokémon)"
},
{
  "_id": {
    "$oid": "673242c006e18db902ab48e0"
  },
  "nombre": "Florian"
},
{
  "_id": {
    "$oid": "673242c006e18db902ab48e1"
  },
  "nombre": "Friede"
},
{
  "_id": {
    "$oid": "673242c006e18db902ab48e2"
  },
  "nombre": "Gaeric"
},
{
  "_id": {
    "$oid": "673242c006e18db902ab48e3"
  },
  "nombre": "Gardenia"
},
{
  "_id": {
    "$oid": "673242c006e18db902ab48e4"
  },
  "nombre": "Gary Oak"
},
{
  "_id": {
    "$oid": "673242c006e18db902ab48e5"
  },
  "nombre": "Geeta"
},
{
  "_id": {
    "$oid": "673242c006e18db902ab48e6"
  },
  "nombre": "Ghetsis"
},
{
  "_id": {
    "$oid": "673242c006e18db902ab48e7"
  },
  "nombre": "Giacomo"
},
{
  "_id": {
    "$oid": "673242c006e18db902ab48e8"
  },
  "nombre": "Giovanni (Pokémon)"
},
{
  "_id": {
    "$oid": "673242c006e18db902ab48e9"
  },
  "nombre": "Glacia"
},
{
  "_id": {
    "$oid": "673242c006e18db902ab48ea"
  },
  "nombre": "Gladion"
},
{
  "_id": {
    "$oid": "673242c006e18db902ab48eb"
  },
  "nombre": "Gloria (Pokémon Trainer)"
},
{
  "_id": {
    "$oid": "673242c006e18db902ab48ec"
  },
  "nombre": "Goh"
},
{
  "_id": {
    "$oid": "673242c006e18db902ab48ed"
  },
  "nombre": "Gordie"
},
{
  "_id": {
    "$oid": "673242c006e18db902ab48ee"
  },
  "nombre": "Gorigan"
},
{
  "_id": {
    "$oid": "673242c006e18db902ab48ef"
  },
  "nombre": "Grant"
},
{
  "_id": {
    "$oid": "673242c006e18db902ab48f0"
  },
  "nombre": "Green (Pokémon Trainer)"
},
{
  "_id": {
    "$oid": "673242c006e18db902ab48f1"
  },
  "nombre": "Greevil"
},
{
  "_id": {
    "$oid": "673242c006e18db902ab48f2"
  },
  "nombre": "Greta"
},
{
  "_id": {
    "$oid": "673242c006e18db902ab48f3"
  },
  "nombre": "Grimsley"
},
{
  "_id": {
    "$oid": "673242c006e18db902ab48f4"
  },
  "nombre": "Grusha"
},
{
  "_id": {
    "$oid": "673242c006e18db902ab48f5"
  },
  "nombre": "Guzma"
},
{
  "_id": {
    "$oid": "673242c006e18db902ab48f6"
  },
  "nombre": "Hala"
},
{
  "_id": {
    "$oid": "673242c006e18db902ab48f7"
  },
  "nombre": "Hapu"
},
{
  "_id": {
    "$oid": "673242c006e18db902ab48f8"
  },
  "nombre": "Hassel"
},
{
  "_id": {
    "$oid": "673242c006e18db902ab48f9"
  },
  "nombre": "Hau"
},
{
  "_id": {
    "$oid": "673242c006e18db902ab48fa"
  },
  "nombre": "Helena"
},
{
  "_id": {
    "$oid": "673242c006e18db902ab48fb"
  },
  "nombre": "Hexagon Brothers"
},
{
  "_id": {
    "$oid": "673242c006e18db902ab48fc"
  },
  "nombre": "Hilbert (Pokémon Trainer)"
},
{
  "_id": {
    "$oid": "673242c006e18db902ab48fd"
  },
  "nombre": "Hilda (Pokémon Trainer)"
},
{
  "_id": {
    "$oid": "673242c006e18db902ab48fe"
  },
  "nombre": "Hop"
},
{
  "_id": {
    "$oid": "673242c006e18db902ab48ff"
  },
  "nombre": "Hugh (Pokémon)"
},
{
  "_id": {
    "$oid": "673242c006e18db902ab4900"
  },
  "nombre": "Ilima"
},
{
  "_id": {
    "$oid": "673242c006e18db902ab4901"
  },
  "nombre": "Ingo (Pokémon)"
},
{
  "_id": {
    "$oid": "673242c006e18db902ab4902"
  },
  "nombre": "Iono"
},
{
  "_id": {
    "$oid": "673242c006e18db902ab4903"
  },
  "nombre": "Irida"
},
{
  "_id": {
    "$oid": "673242c006e18db902ab4904"
  },
  "nombre": "Iris (Pokémon)"
},
{
  "_id": {
    "$oid": "673242c006e18db902ab4905"
  },
  "nombre": "Iscan"
},
{
  "_id": {
    "$oid": "673242c006e18db902ab4906"
  },
  "nombre": "Jacq"
},
{
  "_id": {
    "$oid": "673242c006e18db902ab4907"
  },
  "nombre": "Janine"
},
{
  "_id": {
    "$oid": "673242c006e18db902ab4908"
  },
  "nombre": "Jasmine (Pokémon)"
},
{
  "_id": {
    "$oid": "673242c006e18db902ab4909"
  },
  "nombre": "John"
},
{
  "_id": {
    "$oid": "673242c006e18db902ab490a"
  },
  "nombre": "Juan"
},
{
  "_id": {
    "$oid": "673242c006e18db902ab490b"
  },
  "nombre": "Juliana"
},
{
  "_id": {
    "$oid": "673242c006e18db902ab490c"
  },
  "nombre": "Kabu (Pokémon)"
},
{
  "_id": {
    "$oid": "673242c006e18db902ab490d"
  },
  "nombre": "Kahili"
},
{
  "_id": {
    "$oid": "673242c006e18db902ab490e"
  },
  "nombre": "Kali"
},
{
  "_id": {
    "$oid": "673242c006e18db902ab490f"
  },
  "nombre": "Kamado"
},
{
  "_id": {
    "$oid": "673242c006e18db902ab4910"
  },
  "nombre": "Karen"
},
{
  "_id": {
    "$oid": "673242c006e18db902ab4911"
  },
  "nombre": "Katherine"
},
{
  "_id": {
    "$oid": "673242c006e18db902ab4912"
  },
  "nombre": "Katy"
},
{
  "_id": {
    "$oid": "673242c006e18db902ab4913"
  },
  "nombre": "Kiawe"
},
{
  "_id": {
    "$oid": "673242c006e18db902ab4914"
  },
  "nombre": "Kieran (Pokémon)"
},
{
  "_id": {
    "$oid": "673242c006e18db902ab4915"
  },
  "nombre": "Klara"
},
{
  "_id": {
    "$oid": "673242c006e18db902ab4916"
  },
  "nombre": "Kofu"
},
{
  "_id": {
    "$oid": "673242c006e18db902ab4917"
  },
  "nombre": "Koga"
},
{
  "_id": {
    "$oid": "673242c006e18db902ab4918"
  },
  "nombre": "Korrina"
},
{
  "_id": {
    "$oid": "673242c006e18db902ab4919"
  },
  "nombre": "Kris (Pokémon Trainer)"
},
{
  "_id": {
    "$oid": "673242c006e18db902ab491a"
  },
  "nombre": "Lacey"
},
{
  "_id": {
    "$oid": "673242c006e18db902ab491b"
  },
  "nombre": "Lana (Pokémon)"
},
{
  "_id": {
    "$oid": "673242c006e18db902ab491c"
  },
  "nombre": "Larry (Pokémon)"
},
{
  "_id": {
    "$oid": "673242c006e18db902ab491d"
  },
  "nombre": "Leaf (Pokémon Trainer)"
},
{
  "_id": {
    "$oid": "673242c006e18db902ab491e"
  },
  "nombre": "Lear"
},
{
  "_id": {
    "$oid": "673242c006e18db902ab491f"
  },
  "nombre": "Lenora"
},
{
  "_id": {
    "$oid": "673242c006e18db902ab4920"
  },
  "nombre": "Leon (Pokémon)"
},
{
  "_id": {
    "$oid": "673242c006e18db902ab4921"
  },
  "nombre": "Lian"
},
{
  "_id": {
    "$oid": "673242c006e18db902ab4922"
  },
  "nombre": "Liko"
},
{
  "_id": {
    "$oid": "673242c006e18db902ab4923"
  },
  "nombre": "Looker"
},
{
  "_id": {
    "$oid": "673242c006e18db902ab4924"
  },
  "nombre": "Lorelei"
},
{
  "_id": {
    "$oid": "673242c006e18db902ab4925"
  },
  "nombre": "Lovrina"
},
{
  "_id": {
    "$oid": "673242c006e18db902ab4926"
  },
  "nombre": "Lt. Surge"
},
{
  "_id": {
    "$oid": "673242c006e18db902ab4927"
  },
  "nombre": "Lucas (Pokémon Trainer)"
},
{
  "_id": {
    "$oid": "673242c006e18db902ab4928"
  },
  "nombre": "Lucian"
},
{
  "_id": {
    "$oid": "673242c006e18db902ab4929"
  },
  "nombre": "Lucy (Pokémon)"
},
{
  "_id": {
    "$oid": "673242c006e18db902ab492a"
  },
  "nombre": "Lyra (Pokémon Trainer)"
},
{
  "_id": {
    "$oid": "673242c006e18db902ab492b"
  },
  "nombre": "Lysandre"
},
{
  "_id": {
    "$oid": "673242c006e18db902ab492c"
  },
  "nombre": "Mai"
},
{
  "_id": {
    "$oid": "673242c006e18db902ab492d"
  },
  "nombre": "Mallow (Pokémon)"
},
{
  "_id": {
    "$oid": "673242c006e18db902ab492e"
  },
  "nombre": "Marley"
},
{
  "_id": {
    "$oid": "673242c006e18db902ab492f"
  },
  "nombre": "Marlon"
},
{
  "_id": {
    "$oid": "673242c006e18db902ab4930"
  },
  "nombre": "Marnie"
},
{
  "_id": {
    "$oid": "673242c006e18db902ab4931"
  },
  "nombre": "Marshal (Pokémon)"
},
{
  "_id": {
    "$oid": "673242c006e18db902ab4932"
  },
  "nombre": "Max (Pokémon)"
},
{
  "_id": {
    "$oid": "673242c006e18db902ab4933"
  },
  "nombre": "Maxie"
},
{
  "_id": {
    "$oid": "673242c006e18db902ab4934"
  },
  "nombre": "May (Pokémon Trainer)"
},
{
  "_id": {
    "$oid": "673242c006e18db902ab4935"
  },
  "nombre": "Maylene"
},
{
  "_id": {
    "$oid": "673242c006e18db902ab4936"
  },
  "nombre": "Mela"
},
{
  "_id": {
    "$oid": "673242c006e18db902ab4937"
  },
  "nombre": "Melli"
},
{
  "_id": {
    "$oid": "673242c006e18db902ab4938"
  },
  "nombre": "Melony"
},
{
  "_id": {
    "$oid": "673242c006e18db902ab4939"
  },
  "nombre": "Michael"
},
{
  "_id": {
    "$oid": "673242c006e18db902ab493a"
  },
  "nombre": "Milo"
},
{
  "_id": {
    "$oid": "673242c006e18db902ab493b"
  },
  "nombre": "Mina"
},
{
  "_id": {
    "$oid": "673242c006e18db902ab493c"
  },
  "nombre": "Mira (Pokémon)"
},
{
  "_id": {
    "$oid": "673242c006e18db902ab493d"
  },
  "nombre": "Miriam"
},
{
  "_id": {
    "$oid": "673242c006e18db902ab493e"
  },
  "nombre": "Miror B."
},
{
  "_id": {
    "$oid": "673242c006e18db902ab493f"
  },
  "nombre": "Misty"
},
{
  "_id": {
    "$oid": "673242c006e18db902ab4940"
  },
  "nombre": "Molayne"
},
{
  "_id": {
    "$oid": "673242c006e18db902ab4941"
  },
  "nombre": "Morgan (Pokémon)"
},
{
  "_id": {
    "$oid": "673242c006e18db902ab4942"
  },
  "nombre": "Morty"
},
{
  "_id": {
    "$oid": "673242c006e18db902ab4943"
  },
  "nombre": "Mustard"
},
{
  "_id": {
    "$oid": "673242c006e18db902ab4944"
  },
  "nombre": "N"
},
{
  "_id": {
    "$oid": "673242c006e18db902ab4945"
  },
  "nombre": "Nanu"
},
{
  "_id": {
    "$oid": "673242c006e18db902ab4946"
  },
  "nombre": "Naomi"
},
{
  "_id": {
    "$oid": "673242c006e18db902ab4947"
  },
  "nombre": "Naps"
},
{
  "_id": {
    "$oid": "673242c006e18db902ab4948"
  },
  "nombre": "Nate (Pokémon Battle Revolution)"
},
{
  "_id": {
    "$oid": "673242c006e18db902ab4949"
  },
  "nombre": "Nate (Pokémon Trainer)"
},
{
  "_id": {
    "$oid": "673242c006e18db902ab494a"
  },
  "nombre": "Nemona"
},
{
  "_id": {
    "$oid": "673242c006e18db902ab494b"
  },
  "nombre": "Nessa"
},
{
  "_id": {
    "$oid": "673242c006e18db902ab494c"
  },
  "nombre": "Nita"
},
{
  "_id": {
    "$oid": "673242c006e18db902ab494d"
  },
  "nombre": "Noland"
},
{
  "_id": {
    "$oid": "673242c006e18db902ab494e"
  },
  "nombre": "Norman"
},
{
  "_id": {
    "$oid": "673242c006e18db902ab494f"
  },
  "nombre": "Ohara"
},
{
  "_id": {
    "$oid": "673242c006e18db902ab4950"
  },
  "nombre": "Oleana"
},
{
  "_id": {
    "$oid": "673242c006e18db902ab4951"
  },
  "nombre": "Olivia (Pokémon)"
},
{
  "_id": {
    "$oid": "673242c006e18db902ab4952"
  },
  "nombre": "Olympia"
},
{
  "_id": {
    "$oid": "673242c006e18db902ab4953"
  },
  "nombre": "Opal (Pokémon)"
},
{
  "_id": {
    "$oid": "673242c006e18db902ab4954"
  },
  "nombre": "Ortega"
},
{
  "_id": {
    "$oid": "673242c006e18db902ab4955"
  },
  "nombre": "Palina"
},
{
  "_id": {
    "$oid": "673242c006e18db902ab4956"
  },
  "nombre": "Palmer"
},
{
  "_id": {
    "$oid": "673242c006e18db902ab4957"
  },
  "nombre": "Paulo"
},
{
  "_id": {
    "$oid": "673242c006e18db902ab4958"
  },
  "nombre": "Penny (Pokémon)"
},
{
  "_id": {
    "$oid": "673242c006e18db902ab4959"
  },
  "nombre": "Peony (Pokémon)"
},
{
  "_id": {
    "$oid": "673242c006e18db902ab495a"
  },
  "nombre": "Perrin"
},
{
  "_id": {
    "$oid": "673242c006e18db902ab495b"
  },
  "nombre": "Pesselle"
},
{
  "_id": {
    "$oid": "673242c006e18db902ab495c"
  },
  "nombre": "Petey (Pokémon)"
},
{
  "_id": {
    "$oid": "673242c006e18db902ab495d"
  },
  "nombre": "Petrel"
},
{
  "_id": {
    "$oid": "673242c006e18db902ab495e"
  },
  "nombre": "Piers (Pokémon)"
},
{
  "_id": {
    "$oid": "673242c006e18db902ab495f"
  },
  "nombre": "Plumeria"
},
{
  "_id": {
    "$oid": "673242c006e18db902ab4960"
  },
  "nombre": "Category:Pokémon Elite Four members"
},
{
  "_id": {
    "$oid": "673242c006e18db902ab4961"
  },
  "nombre": "Category:Pokémon gym leaders"
},
{
  "_id": {
    "$oid": "673242c006e18db902ab4962"
  },
  "nombre": "Poppy"
},
{
  "_id": {
    "$oid": "673242c006e18db902ab4963"
  },
  "nombre": "Professor Phorus"
},
{
  "_id": {
    "$oid": "673242c006e18db902ab4964"
  },
  "nombre": "Proton"
},
{
  "_id": {
    "$oid": "673242c006e18db902ab4965"
  },
  "nombre": "Pryce"
},
{
  "_id": {
    "$oid": "673242c006e18db902ab4966"
  },
  "nombre": "Rachel (Pokémon)"
},
{
  "_id": {
    "$oid": "673242c006e18db902ab4967"
  },
  "nombre": "Raifort"
},
{
  "_id": {
    "$oid": "673242c006e18db902ab4968"
  },
  "nombre": "Raihan"
},
{
  "_id": {
    "$oid": "673242c006e18db902ab4969"
  },
  "nombre": "Ramos"
},
{
  "_id": {
    "$oid": "673242c006e18db902ab496a"
  },
  "nombre": "Red (Pokémon Trainer)"
},
{
  "_id": {
    "$oid": "673242c006e18db902ab496b"
  },
  "nombre": "Rei"
},
{
  "_id": {
    "$oid": "673242c006e18db902ab496c"
  },
  "nombre": "Rika"
},
{
  "_id": {
    "$oid": "673242c006e18db902ab496d"
  },
  "nombre": "Riley"
},
{
  "_id": {
    "$oid": "673242c006e18db902ab496e"
  },
  "nombre": "Roark"
},
{
  "_id": {
    "$oid": "673242c006e18db902ab496f"
  },
  "nombre": "Rosa (Pokémon Trainer)"
},
{
  "_id": {
    "$oid": "673242c006e18db902ab4970"
  },
  "nombre": "Rose (Pokémon)"
},
{
  "_id": {
    "$oid": "673242c006e18db902ab4971"
  },
  "nombre": "Roxanne"
},
{
  "_id": {
    "$oid": "673242c006e18db902ab4972"
  },
  "nombre": "Roxie"
},
{
  "_id": {
    "$oid": "673242c006e18db902ab4973"
  },
  "nombre": "Roy (Pokémon)"
},
{
  "_id": {
    "$oid": "673242c006e18db902ab4974"
  },
  "nombre": "Rye"
},
{
  "_id": {
    "$oid": "673242c006e18db902ab4975"
  },
  "nombre": "Ryme"
},
{
  "_id": {
    "$oid": "673242c006e18db902ab4976"
  },
  "nombre": "Ryuki"
},
{
  "_id": {
    "$oid": "673242c006e18db902ab4977"
  },
  "nombre": "Sabi"
},
{
  "_id": {
    "$oid": "673242c006e18db902ab4978"
  },
  "nombre": "Sabrina"
},
{
  "_id": {
    "$oid": "673242c006e18db902ab4979"
  },
  "nombre": "Saguaro"
},
{
  "_id": {
    "$oid": "673242c006e18db902ab497a"
  },
  "nombre": "Salvatore"
},
{
  "_id": {
    "$oid": "673242c006e18db902ab497b"
  },
  "nombre": "Sawyer"
},
{
  "_id": {
    "$oid": "673242c006e18db902ab497c"
  },
  "nombre": "Scottie"
},
{
  "_id": {
    "$oid": "673242c006e18db902ab497d"
  },
  "nombre": "Selene"
},
{
  "_id": {
    "$oid": "673242c006e18db902ab497e"
  },
  "nombre": "Serena (Pokémon Trainer)"
},
{
  "_id": {
    "$oid": "673242c006e18db902ab497f"
  },
  "nombre": "Shauna"
},
{
  "_id": {
    "$oid": "673242c006e18db902ab4980"
  },
  "nombre": "Shauntal"
},
{
  "_id": {
    "$oid": "673242c006e18db902ab4981"
  },
  "nombre": "Sidney"
},
{
  "_id": {
    "$oid": "673242c006e18db902ab4982"
  },
  "nombre": "Sierra"
},
{
  "_id": {
    "$oid": "673242c006e18db902ab4983"
  },
  "nombre": "Silver (Pokémon Trainer)"
},
{
  "_id": {
    "$oid": "673242c006e18db902ab4984"
  },
  "nombre": "Tracey Sketchit"
},
{
  "_id": {
    "$oid": "673242c006e18db902ab4985"
  },
  "nombre": "Skyla"
},
{
  "_id": {
    "$oid": "673242c006e18db902ab4986"
  },
  "nombre": "Snattle"
},
{
  "_id": {
    "$oid": "673242c006e18db902ab4987"
  },
  "nombre": "Sophocles"
},
{
  "_id": {
    "$oid": "673242c006e18db902ab4988"
  },
  "nombre": "Spark (Pokémon)"
},
{
  "_id": {
    "$oid": "673242c006e18db902ab4989"
  },
  "nombre": "Spenser"
},
{
  "_id": {
    "$oid": "673242c006e18db902ab498a"
  },
  "nombre": "Tate and Liza"
},
{
  "_id": {
    "$oid": "673242c006e18db902ab498b"
  },
  "nombre": "Thorton"
},
{
  "_id": {
    "$oid": "673242c006e18db902ab498c"
  },
  "nombre": "Tierno"
},
{
  "_id": {
    "$oid": "673242c006e18db902ab498d"
  },
  "nombre": "Tina (Pokémon)"
},
{
  "_id": {
    "$oid": "673242c006e18db902ab498e"
  },
  "nombre": "Trace (Pokémon Trainer)"
},
{
  "_id": {
    "$oid": "673242c006e18db902ab498f"
  },
  "nombre": "Trevor"
},
{
  "_id": {
    "$oid": "673242c006e18db902ab4990"
  },
  "nombre": "Tucker"
},
{
  "_id": {
    "$oid": "673242c006e18db902ab4991"
  },
  "nombre": "Tulip"
},
{
  "_id": {
    "$oid": "673242c006e18db902ab4992"
  },
  "nombre": "Tyme"
},
{
  "_id": {
    "$oid": "673242c006e18db902ab4993"
  },
  "nombre": "Valerie"
},
{
  "_id": {
    "$oid": "673242c006e18db902ab4994"
  },
  "nombre": "Victor (Pokémon Trainer)"
},
{
  "_id": {
    "$oid": "673242c006e18db902ab4995"
  },
  "nombre": "Viola (Pokémon)"
},
{
  "_id": {
    "$oid": "673242c006e18db902ab4996"
  },
  "nombre": "Volkner"
},
{
  "_id": {
    "$oid": "673242c006e18db902ab4997"
  },
  "nombre": "Volo"
},
{
  "_id": {
    "$oid": "673242c006e18db902ab4998"
  },
  "nombre": "Wallace"
},
{
  "_id": {
    "$oid": "673242c006e18db902ab4999"
  },
  "nombre": "Wally (Pokémon Trainer)"
},
{
  "_id": {
    "$oid": "673242c006e18db902ab499a"
  },
  "nombre": "Wattson"
},
{
  "_id": {
    "$oid": "673242c006e18db902ab499b"
  },
  "nombre": "Wes (Pokémon)"
},
{
  "_id": {
    "$oid": "673242c006e18db902ab499c"
  },
  "nombre": "Whitney"
},
{
  "_id": {
    "$oid": "673242c006e18db902ab499d"
  },
  "nombre": "Wikstrom"
},
{
  "_id": {
    "$oid": "673242c006e18db902ab499e"
  },
  "nombre": "Will (Pokémon)"
},
{
  "_id": {
    "$oid": "673242c006e18db902ab499f"
  },
  "nombre": "Winona"
},
{
  "_id": {
    "$oid": "673242c006e18db902ab49a0"
  },
  "nombre": "Wulfric (Pokémon)"
},
{
  "_id": {
    "$oid": "673242c006e18db902ab49a1"
  },
  "nombre": "Zinnia"
},
{
  "_id": {
    "$oid": "673242c006e18db902ab49a2"
  },
  "nombre": "Zinzolin"
},
{
  "_id": {
    "$oid": "673242c006e18db902ab49a3"
  },
  "nombre": "Zisu"
},
{
  "_id": {
    "$oid": "673242c006e18db902ab49a4"
  },
  "nombre": "Zook"
}]